{
    "colorMode": 3,
    "colorTable": {
        "Color_0": {
            "alpha": 1,
            "blue": 0,
            "enabled": true,
            "green": 0,
            "red": 0,
            "type": "color",
            "visible": true
        },
        "Color_1": {
            "alpha": 1,
            "blue": 0.25882352941176473,
            "enabled": true,
            "green": 0.2549019607843137,
            "red": 0.25882352941176473,
            "type": "color",
            "visible": true
        },
        "Color_10": {
            "alpha": 1,
            "blue": 0.611764705882353,
            "enabled": true,
            "green": 0.5725490196078431,
            "red": 0.03137254901960784,
            "type": "color",
            "visible": true
        },
        "Color_100": {
            "alpha": 1,
            "blue": 0.6784313725490196,
            "enabled": true,
            "green": 0.6666666666666666,
            "red": 0.45098039215686275,
            "type": "color",
            "visible": true
        },
        "Color_101": {
            "alpha": 1,
            "blue": 0.7098039215686275,
            "enabled": true,
            "green": 0.6666666666666666,
            "red": 0.35294117647058826,
            "type": "color",
            "visible": true
        },
        "Color_102": {
            "alpha": 1,
            "blue": 0.7098039215686275,
            "enabled": true,
            "green": 0.6666666666666666,
            "red": 0.38823529411764707,
            "type": "color",
            "visible": true
        },
        "Color_103": {
            "alpha": 1,
            "blue": 0.7098039215686275,
            "enabled": true,
            "green": 0.6666666666666666,
            "red": 0.4196078431372549,
            "type": "color",
            "visible": true
        },
        "Color_104": {
            "alpha": 1,
            "blue": 0.7098039215686275,
            "enabled": true,
            "green": 0.6823529411764706,
            "red": 0.3215686274509804,
            "type": "color",
            "visible": true
        },
        "Color_105": {
            "alpha": 1,
            "blue": 0.6784313725490196,
            "enabled": true,
            "green": 0.6666666666666666,
            "red": 0.4823529411764706,
            "type": "color",
            "visible": true
        },
        "Color_106": {
            "alpha": 1,
            "blue": 0.6470588235294118,
            "enabled": true,
            "green": 0.6509803921568628,
            "red": 0.5803921568627451,
            "type": "color",
            "visible": true
        },
        "Color_107": {
            "alpha": 1,
            "blue": 0.6784313725490196,
            "enabled": true,
            "green": 0.6666666666666666,
            "red": 0.5176470588235295,
            "type": "color",
            "visible": true
        },
        "Color_108": {
            "alpha": 1,
            "blue": 0.7098039215686275,
            "enabled": true,
            "green": 0.6823529411764706,
            "red": 0.38823529411764707,
            "type": "color",
            "visible": true
        },
        "Color_109": {
            "alpha": 1,
            "blue": 0.7098039215686275,
            "enabled": true,
            "green": 0.6666666666666666,
            "red": 0.45098039215686275,
            "type": "color",
            "visible": true
        },
        "Color_11": {
            "alpha": 1,
            "blue": 0.611764705882353,
            "enabled": true,
            "green": 0.5725490196078431,
            "red": 0.12941176470588237,
            "type": "color",
            "visible": true
        },
        "Color_110": {
            "alpha": 1,
            "blue": 0.6470588235294118,
            "enabled": true,
            "green": 0.6509803921568628,
            "red": 0.611764705882353,
            "type": "color",
            "visible": true
        },
        "Color_111": {
            "alpha": 1,
            "blue": 0.7411764705882353,
            "enabled": true,
            "green": 0.6823529411764706,
            "red": 0.3215686274509804,
            "type": "color",
            "visible": true
        },
        "Color_112": {
            "alpha": 1,
            "blue": 0.7098039215686275,
            "enabled": true,
            "green": 0.6823529411764706,
            "red": 0.4196078431372549,
            "type": "color",
            "visible": true
        },
        "Color_113": {
            "alpha": 1,
            "blue": 0.6470588235294118,
            "enabled": true,
            "green": 0.6352941176470588,
            "red": 0.6470588235294118,
            "type": "color",
            "visible": true
        },
        "Color_114": {
            "alpha": 1,
            "blue": 0.6784313725490196,
            "enabled": true,
            "green": 0.6509803921568628,
            "red": 0.5803921568627451,
            "type": "color",
            "visible": true
        },
        "Color_115": {
            "alpha": 1,
            "blue": 0.6784313725490196,
            "enabled": true,
            "green": 0.6666666666666666,
            "red": 0.5490196078431373,
            "type": "color",
            "visible": true
        },
        "Color_116": {
            "alpha": 1,
            "blue": 0.7098039215686275,
            "enabled": true,
            "green": 0.6666666666666666,
            "red": 0.4823529411764706,
            "type": "color",
            "visible": true
        },
        "Color_117": {
            "alpha": 1,
            "blue": 0.6470588235294118,
            "enabled": true,
            "green": 0.6509803921568628,
            "red": 0.6470588235294118,
            "type": "color",
            "visible": true
        },
        "Color_118": {
            "alpha": 1,
            "blue": 0.6784313725490196,
            "enabled": true,
            "green": 0.6666666666666666,
            "red": 0.5803921568627451,
            "type": "color",
            "visible": true
        },
        "Color_119": {
            "alpha": 1,
            "blue": 0.7098039215686275,
            "enabled": true,
            "green": 0.6980392156862745,
            "red": 0.45098039215686275,
            "type": "color",
            "visible": true
        },
        "Color_12": {
            "alpha": 1,
            "blue": 0.611764705882353,
            "enabled": true,
            "green": 0.5882352941176471,
            "red": 0.06274509803921569,
            "type": "color",
            "visible": true
        },
        "Color_120": {
            "alpha": 1,
            "blue": 0.7411764705882353,
            "enabled": true,
            "green": 0.6980392156862745,
            "red": 0.35294117647058826,
            "type": "color",
            "visible": true
        },
        "Color_121": {
            "alpha": 1,
            "blue": 0.7411764705882353,
            "enabled": true,
            "green": 0.6980392156862745,
            "red": 0.38823529411764707,
            "type": "color",
            "visible": true
        },
        "Color_122": {
            "alpha": 1,
            "blue": 0.7098039215686275,
            "enabled": true,
            "green": 0.6823529411764706,
            "red": 0.5176470588235295,
            "type": "color",
            "visible": true
        },
        "Color_123": {
            "alpha": 1,
            "blue": 0.7098039215686275,
            "enabled": true,
            "green": 0.6980392156862745,
            "red": 0.4823529411764706,
            "type": "color",
            "visible": true
        },
        "Color_124": {
            "alpha": 1,
            "blue": 0.7411764705882353,
            "enabled": true,
            "green": 0.6980392156862745,
            "red": 0.4196078431372549,
            "type": "color",
            "visible": true
        },
        "Color_125": {
            "alpha": 1,
            "blue": 0.6470588235294118,
            "enabled": true,
            "green": 0.6666666666666666,
            "red": 0.6470588235294118,
            "type": "color",
            "visible": true
        },
        "Color_126": {
            "alpha": 1,
            "blue": 0.6784313725490196,
            "enabled": true,
            "green": 0.6666666666666666,
            "red": 0.611764705882353,
            "type": "color",
            "visible": true
        },
        "Color_127": {
            "alpha": 1,
            "blue": 0.7098039215686275,
            "enabled": true,
            "green": 0.6823529411764706,
            "red": 0.5490196078431373,
            "type": "color",
            "visible": true
        },
        "Color_128": {
            "alpha": 1,
            "blue": 0.7411764705882353,
            "enabled": true,
            "green": 0.6980392156862745,
            "red": 0.45098039215686275,
            "type": "color",
            "visible": true
        },
        "Color_129": {
            "alpha": 1,
            "blue": 0.7098039215686275,
            "enabled": true,
            "green": 0.6980392156862745,
            "red": 0.5176470588235295,
            "type": "color",
            "visible": true
        },
        "Color_13": {
            "alpha": 1,
            "blue": 0.611764705882353,
            "enabled": true,
            "green": 0.5882352941176471,
            "red": 0.09803921568627451,
            "type": "color",
            "visible": true
        },
        "Color_130": {
            "alpha": 1,
            "blue": 0.7411764705882353,
            "enabled": true,
            "green": 0.7137254901960784,
            "red": 0.38823529411764707,
            "type": "color",
            "visible": true
        },
        "Color_131": {
            "alpha": 1,
            "blue": 0.6784313725490196,
            "enabled": true,
            "green": 0.6823529411764706,
            "red": 0.611764705882353,
            "type": "color",
            "visible": true
        },
        "Color_132": {
            "alpha": 1,
            "blue": 0.7411764705882353,
            "enabled": true,
            "green": 0.6980392156862745,
            "red": 0.4823529411764706,
            "type": "color",
            "visible": true
        },
        "Color_133": {
            "alpha": 1,
            "blue": 0.7098039215686275,
            "enabled": true,
            "green": 0.6823529411764706,
            "red": 0.5803921568627451,
            "type": "color",
            "visible": true
        },
        "Color_134": {
            "alpha": 1,
            "blue": 0,
            "enabled": true,
            "green": 1,
            "red": 0,
            "type": "color",
            "visible": true
        },
        "Color_135": {
            "alpha": 1,
            "blue": 0.7411764705882353,
            "enabled": true,
            "green": 0.7137254901960784,
            "red": 0.4196078431372549,
            "type": "color",
            "visible": true
        },
        "Color_136": {
            "alpha": 1,
            "blue": 0.7098039215686275,
            "enabled": true,
            "green": 0.6980392156862745,
            "red": 0.5490196078431373,
            "type": "color",
            "visible": true
        },
        "Color_137": {
            "alpha": 1,
            "blue": 0.7098039215686275,
            "enabled": true,
            "green": 0.7137254901960784,
            "red": 0.5176470588235295,
            "type": "color",
            "visible": true
        },
        "Color_138": {
            "alpha": 1,
            "blue": 0.7411764705882353,
            "enabled": true,
            "green": 0.7137254901960784,
            "red": 0.45098039215686275,
            "type": "color",
            "visible": true
        },
        "Color_139": {
            "alpha": 1,
            "blue": 0.7411764705882353,
            "enabled": true,
            "green": 0.6980392156862745,
            "red": 0.5176470588235295,
            "type": "color",
            "visible": true
        },
        "Color_14": {
            "alpha": 1,
            "blue": 0.611764705882353,
            "enabled": true,
            "green": 0.5725490196078431,
            "red": 0.19215686274509805,
            "type": "color",
            "visible": true
        },
        "Color_140": {
            "alpha": 1,
            "blue": 0.6784313725490196,
            "enabled": true,
            "green": 0.6823529411764706,
            "red": 0.6470588235294118,
            "type": "color",
            "visible": true
        },
        "Color_141": {
            "alpha": 1,
            "blue": 0.6784313725490196,
            "enabled": true,
            "green": 0.6666666666666666,
            "red": 0.6784313725490196,
            "type": "color",
            "visible": true
        },
        "Color_142": {
            "alpha": 1,
            "blue": 0.7098039215686275,
            "enabled": true,
            "green": 0.6823529411764706,
            "red": 0.611764705882353,
            "type": "color",
            "visible": true
        },
        "Color_143": {
            "alpha": 1,
            "blue": 0.7098039215686275,
            "enabled": true,
            "green": 0.6980392156862745,
            "red": 0.5803921568627451,
            "type": "color",
            "visible": true
        },
        "Color_144": {
            "alpha": 1,
            "blue": 0.7411764705882353,
            "enabled": true,
            "green": 0.7137254901960784,
            "red": 0.4823529411764706,
            "type": "color",
            "visible": true
        },
        "Color_145": {
            "alpha": 1,
            "blue": 0.7411764705882353,
            "enabled": true,
            "green": 0.6980392156862745,
            "red": 0.5490196078431373,
            "type": "color",
            "visible": true
        },
        "Color_146": {
            "alpha": 1,
            "blue": 0.6784313725490196,
            "enabled": true,
            "green": 0.6823529411764706,
            "red": 0.6784313725490196,
            "type": "color",
            "visible": true
        },
        "Color_147": {
            "alpha": 1,
            "blue": 0.7098039215686275,
            "enabled": true,
            "green": 0.6980392156862745,
            "red": 0.611764705882353,
            "type": "color",
            "visible": true
        },
        "Color_148": {
            "alpha": 1,
            "blue": 0.7098039215686275,
            "enabled": true,
            "green": 0.7137254901960784,
            "red": 0.5803921568627451,
            "type": "color",
            "visible": true
        },
        "Color_149": {
            "alpha": 1,
            "blue": 0.7098039215686275,
            "enabled": true,
            "green": 0.6823529411764706,
            "red": 0.6470588235294118,
            "type": "color",
            "visible": true
        },
        "Color_15": {
            "alpha": 1,
            "blue": 0.611764705882353,
            "enabled": true,
            "green": 0.5882352941176471,
            "red": 0.1607843137254902,
            "type": "color",
            "visible": true
        },
        "Color_150": {
            "alpha": 1,
            "blue": 0.7411764705882353,
            "enabled": true,
            "green": 0.7137254901960784,
            "red": 0.5176470588235295,
            "type": "color",
            "visible": true
        },
        "Color_151": {
            "alpha": 1,
            "blue": 0.7725490196078432,
            "enabled": true,
            "green": 0.7294117647058823,
            "red": 0.4196078431372549,
            "type": "color",
            "visible": true
        },
        "Color_152": {
            "alpha": 1,
            "blue": 0.7098039215686275,
            "enabled": true,
            "green": 0.7137254901960784,
            "red": 0.611764705882353,
            "type": "color",
            "visible": true
        },
        "Color_153": {
            "alpha": 1,
            "blue": 0.7411764705882353,
            "enabled": true,
            "green": 0.7137254901960784,
            "red": 0.5490196078431373,
            "type": "color",
            "visible": true
        },
        "Color_154": {
            "alpha": 1,
            "blue": 0.7098039215686275,
            "enabled": true,
            "green": 0.6980392156862745,
            "red": 0.6470588235294118,
            "type": "color",
            "visible": true
        },
        "Color_155": {
            "alpha": 1,
            "blue": 0.7725490196078432,
            "enabled": true,
            "green": 0.7294117647058823,
            "red": 0.4823529411764706,
            "type": "color",
            "visible": true
        },
        "Color_156": {
            "alpha": 1,
            "blue": 0.7411764705882353,
            "enabled": true,
            "green": 0.7137254901960784,
            "red": 0.5803921568627451,
            "type": "color",
            "visible": true
        },
        "Color_157": {
            "alpha": 1,
            "blue": 0.7098039215686275,
            "enabled": true,
            "green": 0.7137254901960784,
            "red": 0.6470588235294118,
            "type": "color",
            "visible": true
        },
        "Color_158": {
            "alpha": 1,
            "blue": 0.7098039215686275,
            "enabled": true,
            "green": 0.6980392156862745,
            "red": 0.6784313725490196,
            "type": "color",
            "visible": true
        },
        "Color_159": {
            "alpha": 1,
            "blue": 0.7725490196078432,
            "enabled": true,
            "green": 0.7450980392156863,
            "red": 0.45098039215686275,
            "type": "color",
            "visible": true
        },
        "Color_16": {
            "alpha": 1,
            "blue": 0,
            "enabled": true,
            "green": 0,
            "red": 1,
            "type": "color",
            "visible": true
        },
        "Color_160": {
            "alpha": 1,
            "blue": 0.7411764705882353,
            "enabled": true,
            "green": 0.7137254901960784,
            "red": 0.611764705882353,
            "type": "color",
            "visible": true
        },
        "Color_161": {
            "alpha": 1,
            "blue": 0.7725490196078432,
            "enabled": true,
            "green": 0.7294117647058823,
            "red": 0.5176470588235295,
            "type": "color",
            "visible": true
        },
        "Color_162": {
            "alpha": 1,
            "blue": 0.7725490196078432,
            "enabled": true,
            "green": 0.7450980392156863,
            "red": 0.4823529411764706,
            "type": "color",
            "visible": true
        },
        "Color_163": {
            "alpha": 1,
            "blue": 0.7725490196078432,
            "enabled": true,
            "green": 0.7294117647058823,
            "red": 0.5490196078431373,
            "type": "color",
            "visible": true
        },
        "Color_164": {
            "alpha": 1,
            "blue": 0.7098039215686275,
            "enabled": true,
            "green": 0.7137254901960784,
            "red": 0.6784313725490196,
            "type": "color",
            "visible": true
        },
        "Color_165": {
            "alpha": 1,
            "blue": 0.7098039215686275,
            "enabled": true,
            "green": 0.6980392156862745,
            "red": 0.7098039215686275,
            "type": "color",
            "visible": true
        },
        "Color_166": {
            "alpha": 1,
            "blue": 0.7411764705882353,
            "enabled": true,
            "green": 0.7450980392156863,
            "red": 0.5803921568627451,
            "type": "color",
            "visible": true
        },
        "Color_167": {
            "alpha": 1,
            "blue": 0.7725490196078432,
            "enabled": true,
            "green": 0.7294117647058823,
            "red": 0.5803921568627451,
            "type": "color",
            "visible": true
        },
        "Color_168": {
            "alpha": 1,
            "blue": 0.7411764705882353,
            "enabled": true,
            "green": 0.7137254901960784,
            "red": 0.6470588235294118,
            "type": "color",
            "visible": true
        },
        "Color_169": {
            "alpha": 1,
            "blue": 0.7725490196078432,
            "enabled": true,
            "green": 0.7450980392156863,
            "red": 0.5490196078431373,
            "type": "color",
            "visible": true
        },
        "Color_17": {
            "alpha": 1,
            "blue": 0.611764705882353,
            "enabled": true,
            "green": 0.5882352941176471,
            "red": 0.12941176470588237,
            "type": "color",
            "visible": true
        },
        "Color_170": {
            "alpha": 1,
            "blue": 0.7725490196078432,
            "enabled": true,
            "green": 0.7294117647058823,
            "red": 0.611764705882353,
            "type": "color",
            "visible": true
        },
        "Color_171": {
            "alpha": 1,
            "blue": 0.7098039215686275,
            "enabled": true,
            "green": 0.7137254901960784,
            "red": 0.7098039215686275,
            "type": "color",
            "visible": true
        },
        "Color_172": {
            "alpha": 1,
            "blue": 0.7725490196078432,
            "enabled": true,
            "green": 0.7450980392156863,
            "red": 0.5803921568627451,
            "type": "color",
            "visible": true
        },
        "Color_173": {
            "alpha": 1,
            "blue": 0.807843137254902,
            "enabled": true,
            "green": 0.7607843137254902,
            "red": 0.4823529411764706,
            "type": "color",
            "visible": true
        },
        "Color_174": {
            "alpha": 1,
            "blue": 0.7725490196078432,
            "enabled": true,
            "green": 0.7450980392156863,
            "red": 0.611764705882353,
            "type": "color",
            "visible": true
        },
        "Color_175": {
            "alpha": 1,
            "blue": 0.7411764705882353,
            "enabled": true,
            "green": 0.7450980392156863,
            "red": 0.6784313725490196,
            "type": "color",
            "visible": true
        },
        "Color_176": {
            "alpha": 1,
            "blue": 0.7411764705882353,
            "enabled": true,
            "green": 0.7294117647058823,
            "red": 0.7098039215686275,
            "type": "color",
            "visible": true
        },
        "Color_177": {
            "alpha": 1,
            "blue": 0.807843137254902,
            "enabled": true,
            "green": 0.7764705882352941,
            "red": 0.5176470588235295,
            "type": "color",
            "visible": true
        },
        "Color_178": {
            "alpha": 1,
            "blue": 0.7411764705882353,
            "enabled": true,
            "green": 0.7294117647058823,
            "red": 0.7411764705882353,
            "type": "color",
            "visible": true
        },
        "Color_179": {
            "alpha": 1,
            "blue": 0.807843137254902,
            "enabled": true,
            "green": 0.7764705882352941,
            "red": 0.5490196078431373,
            "type": "color",
            "visible": true
        },
        "Color_18": {
            "alpha": 1,
            "blue": 0.611764705882353,
            "enabled": true,
            "green": 0.5882352941176471,
            "red": 0.19215686274509805,
            "type": "color",
            "visible": true
        },
        "Color_180": {
            "alpha": 1,
            "blue": 0.7725490196078432,
            "enabled": true,
            "green": 0.7607843137254902,
            "red": 0.6470588235294118,
            "type": "color",
            "visible": true
        },
        "Color_181": {
            "alpha": 1,
            "blue": 0.807843137254902,
            "enabled": true,
            "green": 0.7607843137254902,
            "red": 0.611764705882353,
            "type": "color",
            "visible": true
        },
        "Color_182": {
            "alpha": 1,
            "blue": 0.807843137254902,
            "enabled": true,
            "green": 0.7764705882352941,
            "red": 0.5803921568627451,
            "type": "color",
            "visible": true
        },
        "Color_183": {
            "alpha": 1,
            "blue": 0.7725490196078432,
            "enabled": true,
            "green": 0.7607843137254902,
            "red": 0.6784313725490196,
            "type": "color",
            "visible": true
        },
        "Color_184": {
            "alpha": 1,
            "blue": 0.807843137254902,
            "enabled": true,
            "green": 0.7607843137254902,
            "red": 0.6470588235294118,
            "type": "color",
            "visible": true
        },
        "Color_185": {
            "alpha": 1,
            "blue": 0.7411764705882353,
            "enabled": true,
            "green": 0.7607843137254902,
            "red": 0.7411764705882353,
            "type": "color",
            "visible": true
        },
        "Color_186": {
            "alpha": 1,
            "blue": 0.807843137254902,
            "enabled": true,
            "green": 0.7764705882352941,
            "red": 0.611764705882353,
            "type": "color",
            "visible": true
        },
        "Color_187": {
            "alpha": 1,
            "blue": 0.8392156862745098,
            "enabled": true,
            "green": 0.792156862745098,
            "red": 0.5490196078431373,
            "type": "color",
            "visible": true
        },
        "Color_188": {
            "alpha": 1,
            "blue": 0.7725490196078432,
            "enabled": true,
            "green": 0.7607843137254902,
            "red": 0.7098039215686275,
            "type": "color",
            "visible": true
        },
        "Color_189": {
            "alpha": 1,
            "blue": 0.807843137254902,
            "enabled": true,
            "green": 0.7764705882352941,
            "red": 0.6470588235294118,
            "type": "color",
            "visible": true
        },
        "Color_19": {
            "alpha": 1,
            "blue": 0.611764705882353,
            "enabled": true,
            "green": 0.5882352941176471,
            "red": 0.22745098039215686,
            "type": "color",
            "visible": true
        },
        "Color_190": {
            "alpha": 1,
            "blue": 0.7725490196078432,
            "enabled": true,
            "green": 0.7607843137254902,
            "red": 0.7411764705882353,
            "type": "color",
            "visible": true
        },
        "Color_191": {
            "alpha": 1,
            "blue": 0.8392156862745098,
            "enabled": true,
            "green": 0.792156862745098,
            "red": 0.5803921568627451,
            "type": "color",
            "visible": true
        },
        "Color_192": {
            "alpha": 1,
            "blue": 0.807843137254902,
            "enabled": true,
            "green": 0.7764705882352941,
            "red": 0.6784313725490196,
            "type": "color",
            "visible": true
        },
        "Color_193": {
            "alpha": 1,
            "blue": 0.7725490196078432,
            "enabled": true,
            "green": 0.7607843137254902,
            "red": 0.7725490196078432,
            "type": "color",
            "visible": true
        },
        "Color_194": {
            "alpha": 1,
            "blue": 0.8392156862745098,
            "enabled": true,
            "green": 0.807843137254902,
            "red": 0.611764705882353,
            "type": "color",
            "visible": true
        },
        "Color_195": {
            "alpha": 1,
            "blue": 0.807843137254902,
            "enabled": true,
            "green": 0.807843137254902,
            "red": 0.6784313725490196,
            "type": "color",
            "visible": true
        },
        "Color_196": {
            "alpha": 1,
            "blue": 0.807843137254902,
            "enabled": true,
            "green": 0.792156862745098,
            "red": 0.7098039215686275,
            "type": "color",
            "visible": true
        },
        "Color_197": {
            "alpha": 1,
            "blue": 0.7725490196078432,
            "enabled": true,
            "green": 0.792156862745098,
            "red": 0.7725490196078432,
            "type": "color",
            "visible": true
        },
        "Color_198": {
            "alpha": 1,
            "blue": 0.8392156862745098,
            "enabled": true,
            "green": 0.807843137254902,
            "red": 0.6784313725490196,
            "type": "color",
            "visible": true
        },
        "Color_199": {
            "alpha": 1,
            "blue": 0.8392156862745098,
            "enabled": true,
            "green": 0.8235294117647058,
            "red": 0.6470588235294118,
            "type": "color",
            "visible": true
        },
        "Color_2": {
            "alpha": 1,
            "blue": 0.5803921568627451,
            "enabled": true,
            "green": 0.5411764705882353,
            "red": 0.03137254901960784,
            "type": "color",
            "visible": true
        },
        "Color_20": {
            "alpha": 1,
            "blue": 0.611764705882353,
            "enabled": true,
            "green": 0.5882352941176471,
            "red": 0.25882352941176473,
            "type": "color",
            "visible": true
        },
        "Color_200": {
            "alpha": 1,
            "blue": 0.807843137254902,
            "enabled": true,
            "green": 0.792156862745098,
            "red": 0.7411764705882353,
            "type": "color",
            "visible": true
        },
        "Color_201": {
            "alpha": 1,
            "blue": 0.807843137254902,
            "enabled": true,
            "green": 0.792156862745098,
            "red": 0.7725490196078432,
            "type": "color",
            "visible": true
        },
        "Color_202": {
            "alpha": 1,
            "blue": 0.8392156862745098,
            "enabled": true,
            "green": 0.8431372549019608,
            "red": 0.6470588235294118,
            "type": "color",
            "visible": true
        },
        "Color_203": {
            "alpha": 1,
            "blue": 0.8392156862745098,
            "enabled": true,
            "green": 0.807843137254902,
            "red": 0.7098039215686275,
            "type": "color",
            "visible": true
        },
        "Color_204": {
            "alpha": 1,
            "blue": 0.807843137254902,
            "enabled": true,
            "green": 0.792156862745098,
            "red": 0.807843137254902,
            "type": "color",
            "visible": true
        },
        "Color_205": {
            "alpha": 1,
            "blue": 0.8392156862745098,
            "enabled": true,
            "green": 0.807843137254902,
            "red": 0.7411764705882353,
            "type": "color",
            "visible": true
        },
        "Color_206": {
            "alpha": 1,
            "blue": 0.8705882352941177,
            "enabled": true,
            "green": 0.8431372549019608,
            "red": 0.6470588235294118,
            "type": "color",
            "visible": true
        },
        "Color_207": {
            "alpha": 1,
            "blue": 0.8392156862745098,
            "enabled": true,
            "green": 0.807843137254902,
            "red": 0.7725490196078432,
            "type": "color",
            "visible": true
        },
        "Color_208": {
            "alpha": 1,
            "blue": 0.8392156862745098,
            "enabled": true,
            "green": 0.8431372549019608,
            "red": 0.7098039215686275,
            "type": "color",
            "visible": true
        },
        "Color_209": {
            "alpha": 1,
            "blue": 0.807843137254902,
            "enabled": true,
            "green": 0.807843137254902,
            "red": 0.807843137254902,
            "type": "color",
            "visible": true
        },
        "Color_21": {
            "alpha": 1,
            "blue": 0.6470588235294118,
            "enabled": true,
            "green": 0.5882352941176471,
            "red": 0.12941176470588237,
            "type": "color",
            "visible": true
        },
        "Color_210": {
            "alpha": 1,
            "blue": 0.8392156862745098,
            "enabled": true,
            "green": 0.8235294117647058,
            "red": 0.7725490196078432,
            "type": "color",
            "visible": true
        },
        "Color_211": {
            "alpha": 1,
            "blue": 0.8705882352941177,
            "enabled": true,
            "green": 0.8588235294117647,
            "red": 0.6784313725490196,
            "type": "color",
            "visible": true
        },
        "Color_212": {
            "alpha": 1,
            "blue": 0.8392156862745098,
            "enabled": true,
            "green": 0.8431372549019608,
            "red": 0.7411764705882353,
            "type": "color",
            "visible": true
        },
        "Color_213": {
            "alpha": 1,
            "blue": 0.8392156862745098,
            "enabled": true,
            "green": 0.8431372549019608,
            "red": 0.7725490196078432,
            "type": "color",
            "visible": true
        },
        "Color_214": {
            "alpha": 1,
            "blue": 0.8392156862745098,
            "enabled": true,
            "green": 0.8235294117647058,
            "red": 0.807843137254902,
            "type": "color",
            "visible": true
        },
        "Color_215": {
            "alpha": 1,
            "blue": 0.8705882352941177,
            "enabled": true,
            "green": 0.8588235294117647,
            "red": 0.7411764705882353,
            "type": "color",
            "visible": true
        },
        "Color_216": {
            "alpha": 1,
            "blue": 0.8705882352941177,
            "enabled": true,
            "green": 0.8745098039215686,
            "red": 0.7098039215686275,
            "type": "color",
            "visible": true
        },
        "Color_217": {
            "alpha": 1,
            "blue": 0.8392156862745098,
            "enabled": true,
            "green": 0.8235294117647058,
            "red": 0.8392156862745098,
            "type": "color",
            "visible": true
        },
        "Color_218": {
            "alpha": 1,
            "blue": 0.8392156862745098,
            "enabled": true,
            "green": 0.8431372549019608,
            "red": 0.807843137254902,
            "type": "color",
            "visible": true
        },
        "Color_219": {
            "alpha": 1,
            "blue": 0.8705882352941177,
            "enabled": true,
            "green": 0.8588235294117647,
            "red": 0.7725490196078432,
            "type": "color",
            "visible": true
        },
        "Color_22": {
            "alpha": 1,
            "blue": 0.6470588235294118,
            "enabled": true,
            "green": 0.5882352941176471,
            "red": 0.1607843137254902,
            "type": "color",
            "visible": true
        },
        "Color_220": {
            "alpha": 1,
            "blue": 0.8705882352941177,
            "enabled": true,
            "green": 0.8431372549019608,
            "red": 0.807843137254902,
            "type": "color",
            "visible": true
        },
        "Color_221": {
            "alpha": 1,
            "blue": 0.9019607843137255,
            "enabled": true,
            "green": 0.8745098039215686,
            "red": 0.7098039215686275,
            "type": "color",
            "visible": true
        },
        "Color_222": {
            "alpha": 1,
            "blue": 0.8392156862745098,
            "enabled": true,
            "green": 0.8588235294117647,
            "red": 0.8392156862745098,
            "type": "color",
            "visible": true
        },
        "Color_223": {
            "alpha": 1,
            "blue": 0.8705882352941177,
            "enabled": true,
            "green": 0.8745098039215686,
            "red": 0.7725490196078432,
            "type": "color",
            "visible": true
        },
        "Color_224": {
            "alpha": 1,
            "blue": 0,
            "enabled": true,
            "green": 1,
            "red": 1,
            "type": "color",
            "visible": true
        },
        "Color_225": {
            "alpha": 1,
            "blue": 0.8705882352941177,
            "enabled": true,
            "green": 0.8745098039215686,
            "red": 0.807843137254902,
            "type": "color",
            "visible": true
        },
        "Color_226": {
            "alpha": 1,
            "blue": 0.9019607843137255,
            "enabled": true,
            "green": 0.8901960784313725,
            "red": 0.7411764705882353,
            "type": "color",
            "visible": true
        },
        "Color_227": {
            "alpha": 1,
            "blue": 0.9019607843137255,
            "enabled": true,
            "green": 0.8745098039215686,
            "red": 0.7725490196078432,
            "type": "color",
            "visible": true
        },
        "Color_228": {
            "alpha": 1,
            "blue": 0.8705882352941177,
            "enabled": true,
            "green": 0.8745098039215686,
            "red": 0.8392156862745098,
            "type": "color",
            "visible": true
        },
        "Color_229": {
            "alpha": 1,
            "blue": 0.9019607843137255,
            "enabled": true,
            "green": 0.8745098039215686,
            "red": 0.807843137254902,
            "type": "color",
            "visible": true
        },
        "Color_23": {
            "alpha": 1,
            "blue": 0.6470588235294118,
            "enabled": true,
            "green": 0.6039215686274509,
            "red": 0.09803921568627451,
            "type": "color",
            "visible": true
        },
        "Color_230": {
            "alpha": 1,
            "blue": 0.8705882352941177,
            "enabled": true,
            "green": 0.8588235294117647,
            "red": 0.8705882352941177,
            "type": "color",
            "visible": true
        },
        "Color_231": {
            "alpha": 1,
            "blue": 0.9019607843137255,
            "enabled": true,
            "green": 0.9058823529411765,
            "red": 0.7725490196078432,
            "type": "color",
            "visible": true
        },
        "Color_232": {
            "alpha": 1,
            "blue": 0.9019607843137255,
            "enabled": true,
            "green": 0.8745098039215686,
            "red": 0.8392156862745098,
            "type": "color",
            "visible": true
        },
        "Color_233": {
            "alpha": 1,
            "blue": 0.8705882352941177,
            "enabled": true,
            "green": 0.8901960784313725,
            "red": 0.8705882352941177,
            "type": "color",
            "visible": true
        },
        "Color_234": {
            "alpha": 1,
            "blue": 0.9019607843137255,
            "enabled": true,
            "green": 0.9058823529411765,
            "red": 0.807843137254902,
            "type": "color",
            "visible": true
        },
        "Color_235": {
            "alpha": 1,
            "blue": 0.9019607843137255,
            "enabled": true,
            "green": 0.9058823529411765,
            "red": 0.8392156862745098,
            "type": "color",
            "visible": true
        },
        "Color_236": {
            "alpha": 1,
            "blue": 0.9372549019607843,
            "enabled": true,
            "green": 0.9215686274509803,
            "red": 0.807843137254902,
            "type": "color",
            "visible": true
        },
        "Color_237": {
            "alpha": 1,
            "blue": 0.9019607843137255,
            "enabled": true,
            "green": 0.9058823529411765,
            "red": 0.8705882352941177,
            "type": "color",
            "visible": true
        },
        "Color_238": {
            "alpha": 1,
            "blue": 0.9019607843137255,
            "enabled": true,
            "green": 0.8901960784313725,
            "red": 0.9019607843137255,
            "type": "color",
            "visible": true
        },
        "Color_239": {
            "alpha": 1,
            "blue": 0.9372549019607843,
            "enabled": true,
            "green": 0.9058823529411765,
            "red": 0.8392156862745098,
            "type": "color",
            "visible": true
        },
        "Color_24": {
            "alpha": 1,
            "blue": 0.6470588235294118,
            "enabled": true,
            "green": 0.5882352941176471,
            "red": 0.19215686274509805,
            "type": "color",
            "visible": true
        },
        "Color_240": {
            "alpha": 1,
            "blue": 0.9019607843137255,
            "enabled": true,
            "green": 0.9215686274509803,
            "red": 0.9019607843137255,
            "type": "color",
            "visible": true
        },
        "Color_241": {
            "alpha": 1,
            "blue": 0.9372549019607843,
            "enabled": true,
            "green": 0.9372549019607843,
            "red": 0.8392156862745098,
            "type": "color",
            "visible": true
        },
        "Color_242": {
            "alpha": 1,
            "blue": 0.9372549019607843,
            "enabled": true,
            "green": 0.9215686274509803,
            "red": 0.8705882352941177,
            "type": "color",
            "visible": true
        },
        "Color_243": {
            "alpha": 1,
            "blue": 0.9372549019607843,
            "enabled": true,
            "green": 0.9215686274509803,
            "red": 0.9019607843137255,
            "type": "color",
            "visible": true
        },
        "Color_244": {
            "alpha": 1,
            "blue": 0.9372549019607843,
            "enabled": true,
            "green": 0.9529411764705882,
            "red": 0.8705882352941177,
            "type": "color",
            "visible": true
        },
        "Color_245": {
            "alpha": 1,
            "blue": 0.9372549019607843,
            "enabled": true,
            "green": 0.9215686274509803,
            "red": 0.9372549019607843,
            "type": "color",
            "visible": true
        },
        "Color_246": {
            "alpha": 1,
            "blue": 0.9372549019607843,
            "enabled": true,
            "green": 0.9529411764705882,
            "red": 0.9019607843137255,
            "type": "color",
            "visible": true
        },
        "Color_247": {
            "alpha": 1,
            "blue": 0.9686274509803922,
            "enabled": true,
            "green": 0.9529411764705882,
            "red": 0.8705882352941177,
            "type": "color",
            "visible": true
        },
        "Color_248": {
            "alpha": 1,
            "blue": 0.9372549019607843,
            "enabled": true,
            "green": 0.9529411764705882,
            "red": 0.9372549019607843,
            "type": "color",
            "visible": true
        },
        "Color_249": {
            "alpha": 1,
            "blue": 0.9686274509803922,
            "enabled": true,
            "green": 0.9686274509803922,
            "red": 0.9019607843137255,
            "type": "color",
            "visible": true
        },
        "Color_25": {
            "alpha": 1,
            "blue": 0.6470588235294118,
            "enabled": true,
            "green": 0.5882352941176471,
            "red": 0.22745098039215686,
            "type": "color",
            "visible": true
        },
        "Color_250": {
            "alpha": 1,
            "blue": 0.9686274509803922,
            "enabled": true,
            "green": 0.9529411764705882,
            "red": 0.9372549019607843,
            "type": "color",
            "visible": true
        },
        "Color_251": {
            "alpha": 1,
            "blue": 0.9686274509803922,
            "enabled": true,
            "green": 0.9529411764705882,
            "red": 0.9686274509803922,
            "type": "color",
            "visible": true
        },
        "Color_252": {
            "alpha": 1,
            "blue": 0.9686274509803922,
            "enabled": true,
            "green": 0.984313725490196,
            "red": 0.9372549019607843,
            "type": "color",
            "visible": true
        },
        "Color_253": {
            "alpha": 1,
            "blue": 0.9686274509803922,
            "enabled": true,
            "green": 0.984313725490196,
            "red": 0.9686274509803922,
            "type": "color",
            "visible": true
        },
        "Color_254": {
            "alpha": 1,
            "blue": 1,
            "enabled": true,
            "green": 1,
            "red": 0.9686274509803922,
            "type": "color",
            "visible": true
        },
        "Color_255": {
            "alpha": 1,
            "blue": 1,
            "enabled": true,
            "green": 1,
            "red": 1,
            "type": "color",
            "visible": true
        },
        "Color_26": {
            "alpha": 1,
            "blue": 0.611764705882353,
            "enabled": true,
            "green": 0.6039215686274509,
            "red": 0.2901960784313726,
            "type": "color",
            "visible": true
        },
        "Color_27": {
            "alpha": 1,
            "blue": 0.5490196078431373,
            "enabled": true,
            "green": 0.5568627450980392,
            "red": 0.5490196078431373,
            "type": "color",
            "visible": true
        },
        "Color_28": {
            "alpha": 1,
            "blue": 0.6470588235294118,
            "enabled": true,
            "green": 0.6196078431372549,
            "red": 0.12941176470588237,
            "type": "color",
            "visible": true
        },
        "Color_29": {
            "alpha": 1,
            "blue": 0.6470588235294118,
            "enabled": true,
            "green": 0.6039215686274509,
            "red": 0.25882352941176473,
            "type": "color",
            "visible": true
        },
        "Color_3": {
            "alpha": 1,
            "blue": 0.5803921568627451,
            "enabled": true,
            "green": 0.5568627450980392,
            "red": 0,
            "type": "color",
            "visible": true
        },
        "Color_30": {
            "alpha": 1,
            "blue": 0.6470588235294118,
            "enabled": true,
            "green": 0.6196078431372549,
            "red": 0.1607843137254902,
            "type": "color",
            "visible": true
        },
        "Color_31": {
            "alpha": 1,
            "blue": 0.611764705882353,
            "enabled": true,
            "green": 0.6039215686274509,
            "red": 0.35294117647058826,
            "type": "color",
            "visible": true
        },
        "Color_32": {
            "alpha": 1,
            "blue": 0.6470588235294118,
            "enabled": true,
            "green": 0.6196078431372549,
            "red": 0.19215686274509805,
            "type": "color",
            "visible": true
        },
        "Color_33": {
            "alpha": 1,
            "blue": 0.6470588235294118,
            "enabled": true,
            "green": 0.6196078431372549,
            "red": 0.22745098039215686,
            "type": "color",
            "visible": true
        },
        "Color_34": {
            "alpha": 1,
            "blue": 0.5803921568627451,
            "enabled": true,
            "green": 0.5568627450980392,
            "red": 0.5490196078431373,
            "type": "color",
            "visible": true
        },
        "Color_35": {
            "alpha": 1,
            "blue": 0.6470588235294118,
            "enabled": true,
            "green": 0.6196078431372549,
            "red": 0.2901960784313726,
            "type": "color",
            "visible": true
        },
        "Color_36": {
            "alpha": 1,
            "blue": 0.6470588235294118,
            "enabled": true,
            "green": 0.6196078431372549,
            "red": 0.25882352941176473,
            "type": "color",
            "visible": true
        },
        "Color_37": {
            "alpha": 1,
            "blue": 0.611764705882353,
            "enabled": true,
            "green": 0.6039215686274509,
            "red": 0.4196078431372549,
            "type": "color",
            "visible": true
        },
        "Color_38": {
            "alpha": 1,
            "blue": 0.6470588235294118,
            "enabled": true,
            "green": 0.6196078431372549,
            "red": 0.3215686274509804,
            "type": "color",
            "visible": true
        },
        "Color_39": {
            "alpha": 1,
            "blue": 0.6470588235294118,
            "enabled": true,
            "green": 0.6039215686274509,
            "red": 0.35294117647058826,
            "type": "color",
            "visible": true
        },
        "Color_4": {
            "alpha": 1,
            "blue": 0.5803921568627451,
            "enabled": true,
            "green": 0.5568627450980392,
            "red": 0.03137254901960784,
            "type": "color",
            "visible": true
        },
        "Color_40": {
            "alpha": 1,
            "blue": 0.5803921568627451,
            "enabled": true,
            "green": 0.5725490196078431,
            "red": 0.5490196078431373,
            "type": "color",
            "visible": true
        },
        "Color_41": {
            "alpha": 1,
            "blue": 0.611764705882353,
            "enabled": true,
            "green": 0.6039215686274509,
            "red": 0.45098039215686275,
            "type": "color",
            "visible": true
        },
        "Color_42": {
            "alpha": 1,
            "blue": 0.6470588235294118,
            "enabled": true,
            "green": 0.6039215686274509,
            "red": 0.38823529411764707,
            "type": "color",
            "visible": true
        },
        "Color_43": {
            "alpha": 1,
            "blue": 0.611764705882353,
            "enabled": true,
            "green": 0.6196078431372549,
            "red": 0.4196078431372549,
            "type": "color",
            "visible": true
        },
        "Color_44": {
            "alpha": 1,
            "blue": 0.6784313725490196,
            "enabled": true,
            "green": 0.6352941176470588,
            "red": 0.1607843137254902,
            "type": "color",
            "visible": true
        },
        "Color_45": {
            "alpha": 1,
            "blue": 0.6784313725490196,
            "enabled": true,
            "green": 0.6196078431372549,
            "red": 0.22745098039215686,
            "type": "color",
            "visible": true
        },
        "Color_46": {
            "alpha": 1,
            "blue": 0.5803921568627451,
            "enabled": true,
            "green": 0.5882352941176471,
            "red": 0.5490196078431373,
            "type": "color",
            "visible": true
        },
        "Color_47": {
            "alpha": 1,
            "blue": 0.6784313725490196,
            "enabled": true,
            "green": 0.6352941176470588,
            "red": 0.19215686274509805,
            "type": "color",
            "visible": true
        },
        "Color_48": {
            "alpha": 1,
            "blue": 0.6470588235294118,
            "enabled": true,
            "green": 0.6196078431372549,
            "red": 0.35294117647058826,
            "type": "color",
            "visible": true
        },
        "Color_49": {
            "alpha": 1,
            "blue": 0.6470588235294118,
            "enabled": true,
            "green": 0.6352941176470588,
            "red": 0.2901960784313726,
            "type": "color",
            "visible": true
        },
        "Color_5": {
            "alpha": 1,
            "blue": 0.611764705882353,
            "enabled": true,
            "green": 0.5568627450980392,
            "red": 0.06274509803921569,
            "type": "color",
            "visible": true
        },
        "Color_50": {
            "alpha": 1,
            "blue": 0.5803921568627451,
            "enabled": true,
            "green": 0.5725490196078431,
            "red": 0.5803921568627451,
            "type": "color",
            "visible": true
        },
        "Color_51": {
            "alpha": 1,
            "blue": 1,
            "enabled": true,
            "green": 0,
            "red": 0,
            "type": "color",
            "visible": true
        },
        "Color_52": {
            "alpha": 1,
            "blue": 0.6784313725490196,
            "enabled": true,
            "green": 0.6196078431372549,
            "red": 0.25882352941176473,
            "type": "color",
            "visible": true
        },
        "Color_53": {
            "alpha": 1,
            "blue": 0.611764705882353,
            "enabled": true,
            "green": 0.6039215686274509,
            "red": 0.4823529411764706,
            "type": "color",
            "visible": true
        },
        "Color_54": {
            "alpha": 1,
            "blue": 0.6470588235294118,
            "enabled": true,
            "green": 0.6352941176470588,
            "red": 0.3215686274509804,
            "type": "color",
            "visible": true
        },
        "Color_55": {
            "alpha": 1,
            "blue": 0.611764705882353,
            "enabled": true,
            "green": 0.6196078431372549,
            "red": 0.45098039215686275,
            "type": "color",
            "visible": true
        },
        "Color_56": {
            "alpha": 1,
            "blue": 0.6784313725490196,
            "enabled": true,
            "green": 0.6196078431372549,
            "red": 0.2901960784313726,
            "type": "color",
            "visible": true
        },
        "Color_57": {
            "alpha": 1,
            "blue": 0.6470588235294118,
            "enabled": true,
            "green": 0.6196078431372549,
            "red": 0.38823529411764707,
            "type": "color",
            "visible": true
        },
        "Color_58": {
            "alpha": 1,
            "blue": 0.5803921568627451,
            "enabled": true,
            "green": 0.5882352941176471,
            "red": 0.5803921568627451,
            "type": "color",
            "visible": true
        },
        "Color_59": {
            "alpha": 1,
            "blue": 0.611764705882353,
            "enabled": true,
            "green": 0.6196078431372549,
            "red": 0.4823529411764706,
            "type": "color",
            "visible": true
        },
        "Color_6": {
            "alpha": 1,
            "blue": 0.611764705882353,
            "enabled": true,
            "green": 0.5568627450980392,
            "red": 0,
            "type": "color",
            "visible": true
        },
        "Color_60": {
            "alpha": 1,
            "blue": 0.611764705882353,
            "enabled": true,
            "green": 0.5882352941176471,
            "red": 0.5490196078431373,
            "type": "color",
            "visible": true
        },
        "Color_61": {
            "alpha": 1,
            "blue": 0.611764705882353,
            "enabled": true,
            "green": 0.6039215686274509,
            "red": 0.5176470588235295,
            "type": "color",
            "visible": true
        },
        "Color_62": {
            "alpha": 1,
            "blue": 0.6784313725490196,
            "enabled": true,
            "green": 0.6509803921568628,
            "red": 0.22745098039215686,
            "type": "color",
            "visible": true
        },
        "Color_63": {
            "alpha": 1,
            "blue": 0.6470588235294118,
            "enabled": true,
            "green": 0.6196078431372549,
            "red": 0.4196078431372549,
            "type": "color",
            "visible": true
        },
        "Color_64": {
            "alpha": 1,
            "blue": 0.6784313725490196,
            "enabled": true,
            "green": 0.6352941176470588,
            "red": 0.3215686274509804,
            "type": "color",
            "visible": true
        },
        "Color_65": {
            "alpha": 1,
            "blue": 0.6784313725490196,
            "enabled": true,
            "green": 0.6196078431372549,
            "red": 0.35294117647058826,
            "type": "color",
            "visible": true
        },
        "Color_66": {
            "alpha": 1,
            "blue": 0.6784313725490196,
            "enabled": true,
            "green": 0.6352941176470588,
            "red": 0.2901960784313726,
            "type": "color",
            "visible": true
        },
        "Color_67": {
            "alpha": 1,
            "blue": 0.6784313725490196,
            "enabled": true,
            "green": 0.6509803921568628,
            "red": 0.25882352941176473,
            "type": "color",
            "visible": true
        },
        "Color_68": {
            "alpha": 1,
            "blue": 0.6470588235294118,
            "enabled": true,
            "green": 0.6352941176470588,
            "red": 0.38823529411764707,
            "type": "color",
            "visible": true
        },
        "Color_69": {
            "alpha": 1,
            "blue": 0.5803921568627451,
            "enabled": true,
            "green": 0.6039215686274509,
            "red": 0.5803921568627451,
            "type": "color",
            "visible": true
        },
        "Color_7": {
            "alpha": 1,
            "blue": 0.611764705882353,
            "enabled": true,
            "green": 0.5568627450980392,
            "red": 0.09803921568627451,
            "type": "color",
            "visible": true
        },
        "Color_70": {
            "alpha": 1,
            "blue": 0.6470588235294118,
            "enabled": true,
            "green": 0.6196078431372549,
            "red": 0.45098039215686275,
            "type": "color",
            "visible": true
        },
        "Color_71": {
            "alpha": 1,
            "blue": 0.611764705882353,
            "enabled": true,
            "green": 0.6039215686274509,
            "red": 0.5490196078431373,
            "type": "color",
            "visible": true
        },
        "Color_72": {
            "alpha": 1,
            "blue": 0.611764705882353,
            "enabled": true,
            "green": 0.6196078431372549,
            "red": 0.5176470588235295,
            "type": "color",
            "visible": true
        },
        "Color_73": {
            "alpha": 1,
            "blue": 0.6470588235294118,
            "enabled": true,
            "green": 0.6352941176470588,
            "red": 0.4196078431372549,
            "type": "color",
            "visible": true
        },
        "Color_74": {
            "alpha": 1,
            "blue": 0.6470588235294118,
            "enabled": true,
            "green": 0.6196078431372549,
            "red": 0.4823529411764706,
            "type": "color",
            "visible": true
        },
        "Color_75": {
            "alpha": 1,
            "blue": 0.6784313725490196,
            "enabled": true,
            "green": 0.6509803921568628,
            "red": 0.35294117647058826,
            "type": "color",
            "visible": true
        },
        "Color_76": {
            "alpha": 1,
            "blue": 0.6470588235294118,
            "enabled": true,
            "green": 0.6352941176470588,
            "red": 0.45098039215686275,
            "type": "color",
            "visible": true
        },
        "Color_77": {
            "alpha": 1,
            "blue": 0.6784313725490196,
            "enabled": true,
            "green": 0.6666666666666666,
            "red": 0.2901960784313726,
            "type": "color",
            "visible": true
        },
        "Color_78": {
            "alpha": 1,
            "blue": 0.611764705882353,
            "enabled": true,
            "green": 0.6196078431372549,
            "red": 0.5490196078431373,
            "type": "color",
            "visible": true
        },
        "Color_79": {
            "alpha": 1,
            "blue": 0.611764705882353,
            "enabled": true,
            "green": 0.6039215686274509,
            "red": 0.5803921568627451,
            "type": "color",
            "visible": true
        },
        "Color_8": {
            "alpha": 1,
            "blue": 0.5176470588235295,
            "enabled": true,
            "green": 0.5098039215686274,
            "red": 0.5176470588235295,
            "type": "color",
            "visible": true
        },
        "Color_80": {
            "alpha": 1,
            "blue": 0.7098039215686275,
            "enabled": true,
            "green": 0.6509803921568628,
            "red": 0.22745098039215686,
            "type": "color",
            "visible": true
        },
        "Color_81": {
            "alpha": 1,
            "blue": 0.6784313725490196,
            "enabled": true,
            "green": 0.6666666666666666,
            "red": 0.3215686274509804,
            "type": "color",
            "visible": true
        },
        "Color_82": {
            "alpha": 1,
            "blue": 0.6784313725490196,
            "enabled": true,
            "green": 0.6509803921568628,
            "red": 0.38823529411764707,
            "type": "color",
            "visible": true
        },
        "Color_83": {
            "alpha": 1,
            "blue": 0.6470588235294118,
            "enabled": true,
            "green": 0.6196078431372549,
            "red": 0.5176470588235295,
            "type": "color",
            "visible": true
        },
        "Color_84": {
            "alpha": 1,
            "blue": 0.6470588235294118,
            "enabled": true,
            "green": 0.6352941176470588,
            "red": 0.4823529411764706,
            "type": "color",
            "visible": true
        },
        "Color_85": {
            "alpha": 1,
            "blue": 0.611764705882353,
            "enabled": true,
            "green": 0.6196078431372549,
            "red": 0.5803921568627451,
            "type": "color",
            "visible": true
        },
        "Color_86": {
            "alpha": 1,
            "blue": 0.7098039215686275,
            "enabled": true,
            "green": 0.6666666666666666,
            "red": 0.25882352941176473,
            "type": "color",
            "visible": true
        },
        "Color_87": {
            "alpha": 1,
            "blue": 0.611764705882353,
            "enabled": true,
            "green": 0.6039215686274509,
            "red": 0.611764705882353,
            "type": "color",
            "visible": true
        },
        "Color_88": {
            "alpha": 1,
            "blue": 0.6784313725490196,
            "enabled": true,
            "green": 0.6666666666666666,
            "red": 0.35294117647058826,
            "type": "color",
            "visible": true
        },
        "Color_89": {
            "alpha": 1,
            "blue": 0.6470588235294118,
            "enabled": true,
            "green": 0.6352941176470588,
            "red": 0.5176470588235295,
            "type": "color",
            "visible": true
        },
        "Color_9": {
            "alpha": 1,
            "blue": 0.611764705882353,
            "enabled": true,
            "green": 0.5568627450980392,
            "red": 0.1607843137254902,
            "type": "color",
            "visible": true
        },
        "Color_90": {
            "alpha": 1,
            "blue": 0.6470588235294118,
            "enabled": true,
            "green": 0.6509803921568628,
            "red": 0.4823529411764706,
            "type": "color",
            "visible": true
        },
        "Color_91": {
            "alpha": 1,
            "blue": 0.6784313725490196,
            "enabled": true,
            "green": 0.6666666666666666,
            "red": 0.38823529411764707,
            "type": "color",
            "visible": true
        },
        "Color_92": {
            "alpha": 1,
            "blue": 0.611764705882353,
            "enabled": true,
            "green": 0.6196078431372549,
            "red": 0.611764705882353,
            "type": "color",
            "visible": true
        },
        "Color_93": {
            "alpha": 1,
            "blue": 0.6784313725490196,
            "enabled": true,
            "green": 0.6666666666666666,
            "red": 0.4196078431372549,
            "type": "color",
            "visible": true
        },
        "Color_94": {
            "alpha": 1,
            "blue": 0.6784313725490196,
            "enabled": true,
            "green": 0.6509803921568628,
            "red": 0.45098039215686275,
            "type": "color",
            "visible": true
        },
        "Color_95": {
            "alpha": 1,
            "blue": 0.7098039215686275,
            "enabled": true,
            "green": 0.6666666666666666,
            "red": 0.3215686274509804,
            "type": "color",
            "visible": true
        },
        "Color_96": {
            "alpha": 1,
            "blue": 0.7098039215686275,
            "enabled": true,
            "green": 0.6666666666666666,
            "red": 0.2901960784313726,
            "type": "color",
            "visible": true
        },
        "Color_97": {
            "alpha": 1,
            "blue": 0.6470588235294118,
            "enabled": true,
            "green": 0.6352941176470588,
            "red": 0.5490196078431373,
            "type": "color",
            "visible": true
        },
        "Color_98": {
            "alpha": 1,
            "blue": 0.611764705882353,
            "enabled": true,
            "green": 0.6352941176470588,
            "red": 0.611764705882353,
            "type": "color",
            "visible": true
        },
        "Color_99": {
            "alpha": 1,
            "blue": 0.6784313725490196,
            "enabled": true,
            "green": 0.6509803921568628,
            "red": 0.4823529411764706,
            "type": "color",
            "visible": true
        },
        "__categories": [
        ],
        "__groups": [
        ]
    }
}
