{
    "bindings": [
        {
            "font": "{d05959a3-72a8-42b7-a549-8e614117b9cc}",
            "language": "{78f11954-dc75-477c-b5b0-60bc1234e34e}",
            "string": "{1732fd6f-0bdf-42e0-8a35-9e0c9be53455}"
        },
        {
            "font": "{d25a3a21-7089-45d4-a032-2955d8526910}",
            "language": "{78f11954-dc75-477c-b5b0-60bc1234e34e}",
            "string": "{1937cd40-e512-4e57-b8a8-1afcfe5cfda9}"
        },
        {
            "font": "{d25a3a21-7089-45d4-a032-2955d8526910}",
            "language": "{78f11954-dc75-477c-b5b0-60bc1234e34e}",
            "string": "{239e241a-d9b3-442f-888d-cbdb8b2ce9fa}"
        },
        {
            "font": "{d25a3a21-7089-45d4-a032-2955d8526910}",
            "language": "{78f11954-dc75-477c-b5b0-60bc1234e34e}",
            "string": "{387fc021-a798-4820-b183-1558b94e083a}"
        },
        {
            "font": "{d25a3a21-7089-45d4-a032-2955d8526910}",
            "language": "{78f11954-dc75-477c-b5b0-60bc1234e34e}",
            "string": "{4e5f597d-3cec-4173-a171-94a230e19eca}"
        },
        {
            "font": "{d05959a3-72a8-42b7-a549-8e614117b9cc}",
            "language": "{78f11954-dc75-477c-b5b0-60bc1234e34e}",
            "string": "{5678416b-455b-45ac-8e46-11b4aab76eac}"
        },
        {
            "font": "{d25a3a21-7089-45d4-a032-2955d8526910}",
            "language": "{78f11954-dc75-477c-b5b0-60bc1234e34e}",
            "string": "{58717974-8dd7-44be-b962-92b717b3b829}"
        },
        {
            "font": "{d25a3a21-7089-45d4-a032-2955d8526910}",
            "language": "{78f11954-dc75-477c-b5b0-60bc1234e34e}",
            "string": "{6557a277-6a1d-42fe-bf24-93602589d7f3}"
        },
        {
            "font": "{d25a3a21-7089-45d4-a032-2955d8526910}",
            "language": "{78f11954-dc75-477c-b5b0-60bc1234e34e}",
            "string": "{765cfe93-0936-47b2-8950-b30f12cb3742}"
        },
        {
            "font": "{d25a3a21-7089-45d4-a032-2955d8526910}",
            "language": "{78f11954-dc75-477c-b5b0-60bc1234e34e}",
            "string": "{7a1003e9-3be6-4492-a8d0-b00563df602d}"
        },
        {
            "font": "{d05959a3-72a8-42b7-a549-8e614117b9cc}",
            "language": "{78f11954-dc75-477c-b5b0-60bc1234e34e}",
            "string": "{7a82bfc2-e2bc-4d3d-8842-83be1f1f385c}"
        },
        {
            "font": "{d05959a3-72a8-42b7-a549-8e614117b9cc}",
            "language": "{78f11954-dc75-477c-b5b0-60bc1234e34e}",
            "string": "{83fced78-8eb3-4ec2-870b-76bb7e031664}"
        },
        {
            "font": "{d25a3a21-7089-45d4-a032-2955d8526910}",
            "language": "{78f11954-dc75-477c-b5b0-60bc1234e34e}",
            "string": "{141b8717-df59-422c-bfe5-a35b8bf412af}"
        },
        {
            "font": "{d25a3a21-7089-45d4-a032-2955d8526910}",
            "language": "{78f11954-dc75-477c-b5b0-60bc1234e34e}",
            "string": "{8b2b09b5-a4c7-4c6c-8a38-3c6221dba98b}"
        },
        {
            "font": "{d25a3a21-7089-45d4-a032-2955d8526910}",
            "language": "{78f11954-dc75-477c-b5b0-60bc1234e34e}",
            "string": "{8b37c889-cb6f-4d90-8ea8-42e5625dbad9}"
        },
        {
            "font": "{d25a3a21-7089-45d4-a032-2955d8526910}",
            "language": "{78f11954-dc75-477c-b5b0-60bc1234e34e}",
            "string": "{90afaca9-a397-443e-aa28-6e72bbaf6d34}"
        },
        {
            "font": "{d25a3a21-7089-45d4-a032-2955d8526910}",
            "language": "{78f11954-dc75-477c-b5b0-60bc1234e34e}",
            "string": "{c3c4a13d-a9d4-43c5-a3b3-f7ff61210657}"
        },
        {
            "font": "{d25a3a21-7089-45d4-a032-2955d8526910}",
            "language": "{78f11954-dc75-477c-b5b0-60bc1234e34e}",
            "string": "{ee5ec167-10a9-4614-acb1-a70c803736a0}"
        },
        {
            "font": "{d25a3a21-7089-45d4-a032-2955d8526910}",
            "language": "{78f11954-dc75-477c-b5b0-60bc1234e34e}",
            "string": "{efad689a-95e0-42a2-b333-e5936a301f62}"
        }
    ],
    "defaultLanguage": "{78f11954-dc75-477c-b5b0-60bc1234e34e}",
    "encoding": "ASCII",
    "languages": [
        {
            "properties": {
                "__categories": [
                ],
                "__groups": [
                ],
                "enabled": {
                    "enabled": true,
                    "type": "boolean",
                    "value": true,
                    "visible": true
                },
                "id": {
                    "enabled": true,
                    "type": "uuid",
                    "value": "{78f11954-dc75-477c-b5b0-60bc1234e34e}",
                    "visible": true
                },
                "name": {
                    "enabled": true,
                    "type": "text",
                    "value": "default",
                    "visible": true
                }
            }
        }
    ],
    "paths": [
    ],
    "strings": [
        {
            "properties": {
                "__categories": [
                ],
                "__groups": [
                ],
                "description": {
                    "enabled": true,
                    "type": "text",
                    "value": "",
                    "visible": true
                },
                "id": {
                    "enabled": true,
                    "type": "uuid",
                    "value": "{141b8717-df59-422c-bfe5-a35b8bf412af}",
                    "visible": true
                },
                "name": {
                    "enabled": true,
                    "type": "text",
                    "value": "NoMedium",
                    "visible": true
                },
                "path": {
                    "enabled": true,
                    "type": "text",
                    "value": "/",
                    "visible": true
                }
            },
            "values": [
                {
                    "language": "{78f11954-dc75-477c-b5b0-60bc1234e34e}",
                    "value": "The selected medium was not found."
                }
            ]
        },
        {
            "properties": {
                "__categories": [
                ],
                "__groups": [
                ],
                "description": {
                    "enabled": true,
                    "type": "text",
                    "value": "",
                    "visible": true
                },
                "id": {
                    "enabled": true,
                    "type": "uuid",
                    "value": "{1732fd6f-0bdf-42e0-8a35-9e0c9be53455}",
                    "visible": true
                },
                "name": {
                    "enabled": true,
                    "type": "text",
                    "value": "Ok",
                    "visible": true
                },
                "path": {
                    "enabled": true,
                    "type": "text",
                    "value": "/",
                    "visible": true
                }
            },
            "values": [
                {
                    "language": "{78f11954-dc75-477c-b5b0-60bc1234e34e}",
                    "value": "Ok"
                }
            ]
        },
        {
            "properties": {
                "__categories": [
                ],
                "__groups": [
                ],
                "description": {
                    "enabled": true,
                    "type": "text",
                    "value": "",
                    "visible": true
                },
                "id": {
                    "enabled": true,
                    "type": "uuid",
                    "value": "{1937cd40-e512-4e57-b8a8-1afcfe5cfda9}",
                    "visible": true
                },
                "name": {
                    "enabled": true,
                    "type": "text",
                    "value": "RecordCount",
                    "visible": true
                },
                "path": {
                    "enabled": true,
                    "type": "text",
                    "value": "/",
                    "visible": true
                }
            },
            "values": [
                {
                    "language": "{78f11954-dc75-477c-b5b0-60bc1234e34e}",
                    "value": ""
                }
            ]
        },
        {
            "properties": {
                "__categories": [
                ],
                "__groups": [
                ],
                "description": {
                    "enabled": true,
                    "type": "text",
                    "value": "",
                    "visible": true
                },
                "id": {
                    "enabled": true,
                    "type": "uuid",
                    "value": "{239e241a-d9b3-442f-888d-cbdb8b2ce9fa}",
                    "visible": true
                },
                "name": {
                    "enabled": true,
                    "type": "text",
                    "value": "Flashing",
                    "visible": true
                },
                "path": {
                    "enabled": true,
                    "type": "text",
                    "value": "/",
                    "visible": true
                }
            },
            "values": [
                {
                    "language": "{78f11954-dc75-477c-b5b0-60bc1234e34e}",
                    "value": "Flashing..."
                }
            ]
        },
        {
            "properties": {
                "__categories": [
                ],
                "__groups": [
                ],
                "description": {
                    "enabled": true,
                    "type": "text",
                    "value": "",
                    "visible": true
                },
                "id": {
                    "enabled": true,
                    "type": "uuid",
                    "value": "{387fc021-a798-4820-b183-1558b94e083a}",
                    "visible": true
                },
                "name": {
                    "enabled": true,
                    "type": "text",
                    "value": "Of",
                    "visible": true
                },
                "path": {
                    "enabled": true,
                    "type": "text",
                    "value": "/",
                    "visible": true
                }
            },
            "values": [
                {
                    "language": "{78f11954-dc75-477c-b5b0-60bc1234e34e}",
                    "value": "of"
                }
            ]
        },
        {
            "properties": {
                "__categories": [
                ],
                "__groups": [
                ],
                "description": {
                    "enabled": true,
                    "type": "text",
                    "value": "",
                    "visible": true
                },
                "id": {
                    "enabled": true,
                    "type": "uuid",
                    "value": "{4e5f597d-3cec-4173-a171-94a230e19eca}",
                    "visible": true
                },
                "name": {
                    "enabled": true,
                    "type": "text",
                    "value": "FileNotFound2",
                    "visible": true
                },
                "path": {
                    "enabled": true,
                    "type": "text",
                    "value": "/",
                    "visible": true
                }
            },
            "values": [
                {
                    "language": "{78f11954-dc75-477c-b5b0-60bc1234e34e}",
                    "value": "the root directory."
                }
            ]
        },
        {
            "properties": {
                "__categories": [
                ],
                "__groups": [
                ],
                "description": {
                    "enabled": true,
                    "type": "text",
                    "value": "",
                    "visible": true
                },
                "id": {
                    "enabled": true,
                    "type": "uuid",
                    "value": "{5678416b-455b-45ac-8e46-11b4aab76eac}",
                    "visible": true
                },
                "name": {
                    "enabled": true,
                    "type": "text",
                    "value": "USB",
                    "visible": true
                },
                "path": {
                    "enabled": true,
                    "type": "text",
                    "value": "/",
                    "visible": true
                }
            },
            "values": [
                {
                    "language": "{78f11954-dc75-477c-b5b0-60bc1234e34e}",
                    "value": "USB"
                }
            ]
        },
        {
            "properties": {
                "__categories": [
                ],
                "__groups": [
                ],
                "description": {
                    "enabled": true,
                    "type": "text",
                    "value": "",
                    "visible": true
                },
                "id": {
                    "enabled": true,
                    "type": "uuid",
                    "value": "{58717974-8dd7-44be-b962-92b717b3b829}",
                    "visible": true
                },
                "name": {
                    "enabled": true,
                    "type": "text",
                    "value": "FlashingComplete",
                    "visible": true
                },
                "path": {
                    "enabled": true,
                    "type": "text",
                    "value": "/",
                    "visible": true
                }
            },
            "values": [
                {
                    "language": "{78f11954-dc75-477c-b5b0-60bc1234e34e}",
                    "value": "Flashing complete!"
                }
            ]
        },
        {
            "properties": {
                "__categories": [
                ],
                "__groups": [
                ],
                "description": {
                    "enabled": true,
                    "type": "text",
                    "value": "",
                    "visible": true
                },
                "id": {
                    "enabled": true,
                    "type": "uuid",
                    "value": "{6557a277-6a1d-42fe-bf24-93602589d7f3}",
                    "visible": true
                },
                "name": {
                    "enabled": true,
                    "type": "text",
                    "value": "NoValidMedium2",
                    "visible": true
                },
                "path": {
                    "enabled": true,
                    "type": "text",
                    "value": "/",
                    "visible": true
                }
            },
            "values": [
                {
                    "language": "{78f11954-dc75-477c-b5b0-60bc1234e34e}",
                    "value": "Please insert a USB device."
                }
            ]
        },
        {
            "properties": {
                "__categories": [
                ],
                "__groups": [
                ],
                "description": {
                    "enabled": true,
                    "type": "text",
                    "value": "",
                    "visible": true
                },
                "id": {
                    "enabled": true,
                    "type": "uuid",
                    "value": "{765cfe93-0936-47b2-8950-b30f12cb3742}",
                    "visible": true
                },
                "name": {
                    "enabled": true,
                    "type": "text",
                    "value": "stringNumberFiller",
                    "visible": true
                },
                "path": {
                    "enabled": true,
                    "type": "text",
                    "value": "/",
                    "visible": true
                }
            },
            "values": [
                {
                    "language": "{78f11954-dc75-477c-b5b0-60bc1234e34e}",
                    "value": "99999999"
                }
            ]
        },
        {
            "properties": {
                "__categories": [
                ],
                "__groups": [
                ],
                "description": {
                    "enabled": true,
                    "type": "text",
                    "value": "",
                    "visible": true
                },
                "id": {
                    "enabled": true,
                    "type": "uuid",
                    "value": "{7a1003e9-3be6-4492-a8d0-b00563df602d}",
                    "visible": true
                },
                "name": {
                    "enabled": true,
                    "type": "text",
                    "value": "UnknownError",
                    "visible": true
                },
                "path": {
                    "enabled": true,
                    "type": "text",
                    "value": "/",
                    "visible": true
                }
            },
            "values": [
                {
                    "language": "{78f11954-dc75-477c-b5b0-60bc1234e34e}",
                    "value": "An unknown error occured during record decoding."
                }
            ]
        },
        {
            "properties": {
                "__categories": [
                ],
                "__groups": [
                ],
                "description": {
                    "enabled": true,
                    "type": "text",
                    "value": "",
                    "visible": true
                },
                "id": {
                    "enabled": true,
                    "type": "uuid",
                    "value": "{7a82bfc2-e2bc-4d3d-8842-83be1f1f385c}",
                    "visible": true
                },
                "name": {
                    "enabled": true,
                    "type": "text",
                    "value": "Title",
                    "visible": true
                },
                "path": {
                    "enabled": true,
                    "type": "text",
                    "value": "/",
                    "visible": true
                }
            },
            "values": [
                {
                    "language": "{78f11954-dc75-477c-b5b0-60bc1234e34e}",
                    "value": "Legato Memory Flashing Application"
                }
            ]
        },
        {
            "properties": {
                "__categories": [
                ],
                "__groups": [
                ],
                "description": {
                    "enabled": true,
                    "type": "text",
                    "value": "",
                    "visible": true
                },
                "id": {
                    "enabled": true,
                    "type": "uuid",
                    "value": "{83fced78-8eb3-4ec2-870b-76bb7e031664}",
                    "visible": true
                },
                "name": {
                    "enabled": true,
                    "type": "text",
                    "value": "SDCard",
                    "visible": true
                },
                "path": {
                    "enabled": true,
                    "type": "text",
                    "value": "/",
                    "visible": true
                }
            },
            "values": [
                {
                    "language": "{78f11954-dc75-477c-b5b0-60bc1234e34e}",
                    "value": "SD Card"
                }
            ]
        },
        {
            "properties": {
                "__categories": [
                ],
                "__groups": [
                ],
                "description": {
                    "enabled": true,
                    "type": "text",
                    "value": "",
                    "visible": true
                },
                "id": {
                    "enabled": true,
                    "type": "uuid",
                    "value": "{8b2b09b5-a4c7-4c6c-8a38-3c6221dba98b}",
                    "visible": true
                },
                "name": {
                    "enabled": true,
                    "type": "text",
                    "value": "FileNotFound1",
                    "visible": true
                },
                "path": {
                    "enabled": true,
                    "type": "text",
                    "value": "/",
                    "visible": true
                }
            },
            "values": [
                {
                    "language": "{78f11954-dc75-477c-b5b0-60bc1234e34e}",
                    "value": "The selected medium did not contain 'image.hex' in"
                }
            ]
        },
        {
            "properties": {
                "__categories": [
                ],
                "__groups": [
                ],
                "description": {
                    "enabled": true,
                    "type": "text",
                    "value": "",
                    "visible": true
                },
                "id": {
                    "enabled": true,
                    "type": "uuid",
                    "value": "{8b37c889-cb6f-4d90-8ea8-42e5625dbad9}",
                    "visible": true
                },
                "name": {
                    "enabled": true,
                    "type": "text",
                    "value": "NoValidMedium",
                    "visible": true
                },
                "path": {
                    "enabled": true,
                    "type": "text",
                    "value": "/",
                    "visible": true
                }
            },
            "values": [
                {
                    "language": "{78f11954-dc75-477c-b5b0-60bc1234e34e}",
                    "value": "No valid storage mediums found."
                }
            ]
        },
        {
            "properties": {
                "__categories": [
                ],
                "__groups": [
                ],
                "description": {
                    "enabled": true,
                    "type": "text",
                    "value": "",
                    "visible": true
                },
                "id": {
                    "enabled": true,
                    "type": "uuid",
                    "value": "{90afaca9-a397-443e-aa28-6e72bbaf6d34}",
                    "visible": true
                },
                "name": {
                    "enabled": true,
                    "type": "text",
                    "value": "Numbers",
                    "visible": true
                },
                "path": {
                    "enabled": true,
                    "type": "text",
                    "value": "/",
                    "visible": true
                }
            },
            "values": [
                {
                    "language": "{78f11954-dc75-477c-b5b0-60bc1234e34e}",
                    "value": "0123456789"
                }
            ]
        },
        {
            "properties": {
                "__categories": [
                ],
                "__groups": [
                ],
                "description": {
                    "enabled": true,
                    "type": "text",
                    "value": "",
                    "visible": true
                },
                "id": {
                    "enabled": true,
                    "type": "uuid",
                    "value": "{c3c4a13d-a9d4-43c5-a3b3-f7ff61210657}",
                    "visible": true
                },
                "name": {
                    "enabled": true,
                    "type": "text",
                    "value": "Done",
                    "visible": true
                },
                "path": {
                    "enabled": true,
                    "type": "text",
                    "value": "/",
                    "visible": true
                }
            },
            "values": [
                {
                    "language": "{78f11954-dc75-477c-b5b0-60bc1234e34e}",
                    "value": "Done!"
                }
            ]
        },
        {
            "properties": {
                "__categories": [
                ],
                "__groups": [
                ],
                "description": {
                    "enabled": true,
                    "type": "text",
                    "value": "",
                    "visible": true
                },
                "id": {
                    "enabled": true,
                    "type": "uuid",
                    "value": "{ee5ec167-10a9-4614-acb1-a70c803736a0}",
                    "visible": true
                },
                "name": {
                    "enabled": true,
                    "type": "text",
                    "value": "SelectSource",
                    "visible": true
                },
                "path": {
                    "enabled": true,
                    "type": "text",
                    "value": "/",
                    "visible": true
                }
            },
            "values": [
                {
                    "language": "{78f11954-dc75-477c-b5b0-60bc1234e34e}",
                    "value": "Select source from which to load 'SQI.hex'"
                }
            ]
        },
        {
            "properties": {
                "__categories": [
                ],
                "__groups": [
                ],
                "description": {
                    "enabled": true,
                    "type": "text",
                    "value": "",
                    "visible": true
                },
                "id": {
                    "enabled": true,
                    "type": "uuid",
                    "value": "{efad689a-95e0-42a2-b333-e5936a301f62}",
                    "visible": true
                },
                "name": {
                    "enabled": true,
                    "type": "text",
                    "value": "InvalidFile",
                    "visible": true
                },
                "path": {
                    "enabled": true,
                    "type": "text",
                    "value": "/",
                    "visible": true
                }
            },
            "values": [
                {
                    "language": "{78f11954-dc75-477c-b5b0-60bc1234e34e}",
                    "value": "The image file is not valid."
                }
            ]
        }
    ]
}
