{
    "\n": {
        "advance": 8,
        "bearingX": 1,
        "bearingY": 10,
        "codePoint": 10,
        "data": "l7m4uLjPDbAIAAAApBCwCAAAAKQQsAgAAACkELAIAAAApBCwCAAAAKQQsAgAAACkELAIAAAApBCwCAAAAKQQl7m4uLjPDQ==",
        "height": 10,
        "width": 7
    },
    " ": {
        "advance": 4,
        "bearingX": 0,
        "bearingY": 0,
        "codePoint": 32,
        "height": 0,
        "width": 0
    },
    "!": {
        "advance": 4,
        "bearingX": 1,
        "bearingY": 10,
        "codePoint": 33,
        "data": "1pnJjL2AsHOkZ5daik4AAMGHyo0=",
        "height": 10,
        "width": 2
    },
    "\"": {
        "advance": 6,
        "bearingX": 0,
        "bearingY": 10,
        "codePoint": 34,
        "data": "DP8vfb8A9BdlpwDZAkyP",
        "height": 3,
        "width": 5
    },
    "#": {
        "advance": 9,
        "bearingX": 0,
        "bearingY": 10,
        "codePoint": 35,
        "data": "AAAAoGMAmF8AAAAA0DQAyDAAAAAF9QgC7wYAH/j5/vj5/viqAABdnQBjnAAAAACVaQCXZgAAnfD79PD79PAwFSH1KCL1JyAGACXYACvUAAAAAFSoAF6hAAAA",
        "height": 10,
        "width": 9
    },
    "$": {
        "advance": 8,
        "bearingX": 0,
        "bearingY": 11,
        "codePoint": 36,
        "data": "AAAAdHAAAAAAGYzV1JpOAADTv7GqjosAFP8gdHAAAAAB45qNcAAAAAAuxf/TZwYAAAAAfsDdyAMAAAB0cBP/LRFSF3V8aPUPFuX//v/YRwAAABKGdgAAAAAAAHJuAAAA",
        "height": 12,
        "width": 8
    },
    "%": {
        "advance": 12,
        "bearingX": 0,
        "bearingY": 10,
        "codePoint": 37,
        "data": "AHvuxxoAADvUAwAY7y2WkgAAyEoAAEO/AD3EAFi8AAAARLwAOcgG3DAAAAAc6hF/nXSgYOHOKACP++g85STtIWaxAAAPApCEKNsAHeUAAAAj4w0n3gAh5gAAAKxoAAftO323AAA51gMAAFzr2TE=",
        "height": 10,
        "width": 11
    },
    "&": {
        "advance": 10,
        "bearingX": 0,
        "bearingY": 10,
        "codePoint": 38,
        "data": "AAB15fS1EwAAAAAALvxGIc2LAAAAAABB8gQAopgAAAAAAAXWi2vqKgAAAAAAAGn/6iQAAAAAAAB35FjdkwEAzm4AHPw6ABzaoTv3FwA3/xYAABnW+HcAAAzsoiEdZurnswYAADfA8vPBQRXXsgY=",
        "height": 10,
        "width": 11
    },
    "'": {
        "advance": 3,
        "bearingX": 0,
        "bearingY": 10,
        "codePoint": 39,
        "data": "DP8vAPQXANkC",
        "height": 3,
        "width": 3
    },
    "(": {
        "advance": 4,
        "bearingX": 0,
        "bearingY": 10,
        "codePoint": 40,
        "data": "AACyfABP5QgAvIYADv41AEH5BgBe4gAAa9QAAGDhAABF+AUAEf40AADBhAAAUuUIAACxeA==",
        "height": 13,
        "width": 4
    },
    ")": {
        "advance": 4,
        "bearingX": 0,
        "bearingY": 10,
        "codePoint": 41,
        "data": "StwJAAC8fwAAVucEAAr7PQAAzXQAAK+RAACgnwAArpIAAMx3AAn6QABU6gYAu4MARtkKAA==",
        "height": 13,
        "width": 4
    },
    "*": {
        "advance": 8,
        "bearingX": 0,
        "bearingY": 11,
        "codePoint": 42,
        "data": "AAAAz3YAAAAAAAC0XQAAAEi/c7N8jNICKHaS/dyGbggAAIOo5zMAAAA5/DGC2woAAAhcABVPAAA=",
        "height": 7,
        "width": 8
    },
    "+": {
        "advance": 8,
        "bearingX": 0,
        "bearingY": 9,
        "codePoint": 43,
        "data": "AAAAhIAAAAAAAACEgAAAAAAAAISAAAAAR/Dw+Pjw8EMJICCTkCAgCQAAAISAAAAAAAAAhIAAAAA=",
        "height": 7,
        "width": 8
    },
    ",": {
        "advance": 4,
        "bearingX": 0,
        "bearingY": 2,
        "codePoint": 44,
        "data": "AMuUAfJOI/ULVKgA",
        "height": 4,
        "width": 3
    },
    "-": {
        "advance": 5,
        "bearingX": 0,
        "bearingY": 5,
        "codePoint": 45,
        "data": "afDw5A4gIB4=",
        "height": 2,
        "width": 4
    },
    ".": {
        "advance": 4,
        "bearingX": 1,
        "bearingY": 2,
        "codePoint": 46,
        "data": "wYbKjQ==",
        "height": 2,
        "width": 2
    },
    "/": {
        "advance": 5,
        "bearingX": 0,
        "bearingY": 10,
        "codePoint": 47,
        "data": "AAAAVN4BAAAAs4AAAAAW+iIAAABxwgAAAADQYwAAAC/2DQAAAI+kAAAABOlFAAAATeQCAAAArIcAAAAA",
        "height": 10,
        "width": 6
    },
    "0": {
        "advance": 8,
        "bearingX": 0,
        "bearingY": 10,
        "codePoint": 48,
        "data": "AAyi7vCaCQAAnc8vMtOTAAn5QgAARfYJNf8IAAAJ/zZJ9AAAAAD1TUv0AAAAAPVLNP8IAAAJ/zcI9kIAAEX5CQCVzy8x0ZsAAAqd8e6fCgA=",
        "height": 10,
        "width": 8
    },
    "1": {
        "advance": 8,
        "bearingX": 1,
        "bearingY": 10,
        "codePoint": 49,
        "data": "AAmj+CHPv/hvczr4AAA8+AAAPPgAADz4AAA8+AAAPPgAADz4AAA8+A==",
        "height": 10,
        "width": 4
    },
    "2": {
        "advance": 8,
        "bearingX": 0,
        "bearingY": 10,
        "codePoint": 50,
        "data": "ADfA9eeXDAAL1GYaM9aTAAABAAAAcNQAAAAAAACEvgAAAAAAFulUAAAAAAzJmwAAAAAKv6sDAAAACr2rBQAAAAq9sxMQEBAEU////////0g=",
        "height": 10,
        "width": 8
    },
    "3": {
        "advance": 8,
        "bearingX": 0,
        "bearingY": 10,
        "codePoint": 51,
        "data": "A2bS+OqpGQAUqk4eLcWyAAAAAAAAa9oAAAAAAC3VewAAAMr5+4UBAAAAGylQzqsAAAAAAAAt/yAAAAAAADL/Ij9pKxc6yMUAMb/v+uWaFAA=",
        "height": 10,
        "width": 8
    },
    "4": {
        "advance": 8,
        "bearingX": 0,
        "bearingY": 10,
        "codePoint": 52,
        "data": "AAAAAGP/RAAAAAAx4OlEAAAAEdxL6UQAAAGzfQDsRAAAfLABAOxEAETVDgAA7EQAs////////7weLCwsLO9kIAAAAAAA7EQAAAAAAADsRAA=",
        "height": 10,
        "width": 8
    },
    "5": {
        "advance": 8,
        "bearingX": 0,
        "bearingY": 10,
        "codePoint": 53,
        "data": "AI3/////hAAApYYQEBAIAAC9YwAAAAAAANXk6NWKDAAAMDwoT9qrAAAAAAAAPv8QAAAAAAAW/ycAAAAAAEH6BhmINRlE2YsAD63o99d3BAA=",
        "height": 10,
        "width": 8
    },
    "6": {
        "advance": 8,
        "bearingX": 0,
        "bearingY": 10,
        "codePoint": 54,
        "data": "AAAoq+r7iAAAJ+19JxUYAACvhgAAAAAABvhTweW1JQAg/8ZCL6faBjX/LAAADfo4K/8VAAAA6E0H81QAABD9LQCI4jghqMcAAASF6O+uGQA=",
        "height": 10,
        "width": 8
    },
    "7": {
        "advance": 8,
        "bearingX": 0,
        "bearingY": 10,
        "codePoint": 55,
        "data": "ZP///////1MGEBAQEEP4FgAAAAAAqZwAAAAAACH7KwAAAAAAk7cAAAAAABP1RQAAAAAAftIAAAAAAAjqYQAAAAAAaOgHAAAAAALafQAAAAA=",
        "height": 10,
        "width": 8
    },
    "8": {
        "advance": 8,
        "bearingX": 0,
        "bearingY": 10,
        "codePoint": 56,
        "data": "ACKz9O+wIAAAyqwiJLDFAADxSAAASfEAAKK3DxG1jwAABaTv7YsCAABa3mqM6VMAIfkpAAA2+SFE8QAAAAHzQhPxiB8gjusQADvA8PC7MgA=",
        "height": 10,
        "width": 8
    },
    "9": {
        "advance": 8,
        "bearingX": 0,
        "bearingY": 10,
        "codePoint": 57,
        "data": "ACK29OqLBQAC2aQiL9GUADX9CwAAMfgNP/cBAAAH/jYS9HIDFJr/QABS6frxY/8rAAAAFgY5/A4AAAAAAKG7AAAcGCiM9TEAAIj87LIvAAA=",
        "height": 10,
        "width": 8
    },
    ":": {
        "advance": 4,
        "bearingX": 1,
        "bearingY": 8,
        "codePoint": 58,
        "data": "zI/KjQAAAAAAAAAAwYbKjQ==",
        "height": 8,
        "width": 2
    },
    ";": {
        "advance": 4,
        "bearingX": 0,
        "bearingY": 8,
        "codePoint": 59,
        "data": "ANOHANGFAAAAAAAAAAAAAAAAAO91F/8xROEBdokA",
        "height": 10,
        "width": 3
    },
    "<": {
        "advance": 8,
        "bearingX": 0,
        "bearingY": 9,
        "codePoint": 60,
        "data": "AAAAAAAAIiEAAAAAIp3lMQAAIp3dbgoAFp3SYAUAAAAp1LlNAgAAAAAARrbedxQAAAAAACeX7TsAAAAAAAARFw==",
        "height": 8,
        "width": 8
    },
    "=": {
        "advance": 8,
        "bearingX": 0,
        "bearingY": 7,
        "codePoint": 61,
        "data": "NPDw8PDw8DAHICAgICAgBgAAAAAAAAAANPDw8PDw8DAHICAgICAgBg==",
        "height": 5,
        "width": 8
    },
    ">": {
        "advance": 8,
        "bearingX": 0,
        "bearingY": 9,
        "codePoint": 62,
        "data": "ISEAAAAAAAAx5p0hAAAAAAAKcN6dIQAAAAAABmPVnRYAAAACSrfUKQAUdty2RgAAO+2XJwAAAAAXEQAAAAAAAA==",
        "height": 8,
        "width": 8
    },
    "?": {
        "advance": 6,
        "bearingX": 0,
        "bearingY": 10,
        "codePoint": 63,
        "data": "X8nx7KELWVMeLNCFAAAAAIWpAAAAFd1gAAAg24MAAADKcgAAAAbzAQAAAAAAAAAAADXdNAAAADjoNwAA",
        "height": 10,
        "width": 6
    },
    "@": {
        "advance": 13,
        "bearingX": 0,
        "bearingY": 10,
        "codePoint": 64,
        "data": "AAAAKJzf+Ou3SQAAAABb7oY1GCRl4IAAADXpKy7G9+N/FN46ALViCeR/GHqqAGqaCfEKSNoAAG+eAD29JdsAW7wAAIuTAFKwI9kAMuwYFs+2BrZpB/MPAJn87zzB/LQHAKeGAAAOCAACFgAAABnjlCUAAhxeCgAAAAAVme75+vayCgAAAAAAAAASFAEAAAAA",
        "height": 12,
        "width": 12
    },
    "A": {
        "advance": 9,
        "bearingX": 0,
        "bearingY": 10,
        "codePoint": 65,
        "data": "AAAAS/89AAAAAAAAr+GhAAAAAAAX+lb1DgAAAAB3ywDbaAAAAADZbgB/ywAAAD/7FgAj/y8AAKP//////5MAD/ZqLCwsge4Ia+QEAAAAD/Razn0AAAAAAJa+",
        "height": 10,
        "width": 9
    },
    "B": {
        "advance": 9,
        "bearingX": 1,
        "bearingY": 10,
        "codePoint": 66,
        "data": "pP//+eOkHwCkphAVNsLLAKSgAAAAWfcApKAAABGuqQCk+vDz/6oJAKSsICM/vb0GpKAAAAAZ/0WkoAAAABn/QqSmEBEtsuIMpP///+uxKAA=",
        "height": 10,
        "width": 8
    },
    "C": {
        "advance": 9,
        "bearingX": 0,
        "bearingY": 10,
        "codePoint": 67,
        "data": "AAARi9z46rooABTdwz8XMn4MAJvfCAAAAAAAAvBtAAAAAAAAGP9CAAAAAAAAGf9AAAAAAAAAA/VpAAAAAAAAAKvXBAAAAAAAACPttzkVI1MBAAAjouX78cQC",
        "height": 10,
        "width": 9
    },
    "D": {
        "advance": 10,
        "bearingX": 1,
        "bearingY": 10,
        "codePoint": 68,
        "data": "pP//++OgJwAApKYQGkCt9TkApKAAAAAAl9cApKAAAAAAJ/8vpKAAAAAAAf1QpKAAAAAAA/5QpKAAAAAAMf8rpKAAAAAAqdMBpKYQGEOy8TQApP//+d6YIAAA",
        "height": 10,
        "width": 9
    },
    "E": {
        "advance": 8,
        "bearingX": 1,
        "bearingY": 10,
        "codePoint": 69,
        "data": "pP/////wpKYQEBAPpKAAAAAApKAAAAAApPrw8PClpKwgICAWpKAAAAAApKAAAAAApKYQEBAPpP/////w",
        "height": 10,
        "width": 6
    },
    "F": {
        "advance": 7,
        "bearingX": 1,
        "bearingY": 10,
        "codePoint": 70,
        "data": "pP/////wpKYQEBAPpKAAAAAApKAAAAAApPrw8PChpKwgICAVpKAAAAAApKAAAAAApKAAAAAApKAAAAAA",
        "height": 10,
        "width": 6
    },
    "G": {
        "advance": 10,
        "bearingX": 0,
        "bearingY": 10,
        "codePoint": 71,
        "data": "AAAHds7x89eKAAALzNBPGSBGVwAAj+QOAAAAAAAAAe5uAAAAAAAAABb/PwAAR/Dw8CUY/zYAAAkgOP8oAvNiAAAAABz/KACi0AYAAAAc/ygAGeTFSBsaUf8oAAAXk9/589+rFQ==",
        "height": 10,
        "width": 10
    },
    "H": {
        "advance": 10,
        "bearingX": 1,
        "bearingY": 10,
        "codePoint": 72,
        "data": "pKAAAAAARP+koAAAAABE/6SgAAAAAET/pKAAAAAARP+k+vDw8PD0/6SsICAgIFv/pKAAAAAARP+koAAAAABE/6SgAAAAAET/pKAAAAAARP8=",
        "height": 10,
        "width": 8
    },
    "I": {
        "advance": 5,
        "bearingX": 0,
        "bearingY": 10,
        "codePoint": 73,
        "data": "W/X/6iIARP8AAABE/wAAAET/AAAARP8AAABE/wAAAET/AAAARP8AAABE/wAAV/D/4iE=",
        "height": 10,
        "width": 5
    },
    "J": {
        "advance": 4,
        "bearingX": -2,
        "bearingY": 10,
        "codePoint": 74,
        "data": "AAAAuIwAAAC4jAAAALiMAAAAuIwAAAC4jAAAALiMAAAAuIwAAAC4jAAAALiMAAAAuIwAAAC8gAEBI+9PF/f8nQEAFgoAAA==",
        "height": 14,
        "width": 5
    },
    "K": {
        "advance": 9,
        "bearingX": 1,
        "bearingY": 10,
        "codePoint": 75,
        "data": "pKAAAABm6iWkoAAATPA1AKSgADbvRwAApKAn6VsAAACkuODAAAAAAKT6gfhcAAAApKIAa/MlAACkoAAArM4GAKSgAAAP3pEApKAAAAA1+U4=",
        "height": 10,
        "width": 8
    },
    "L": {
        "advance": 7,
        "bearingX": 1,
        "bearingY": 10,
        "codePoint": 76,
        "data": "pKAAAAAApKAAAAAApKAAAAAApKAAAAAApKAAAAAApKAAAAAApKAAAAAApKAAAAAApLAsLCwrpP/////8",
        "height": 10,
        "width": 6
    },
    "M": {
        "advance": 13,
        "bearingX": 1,
        "bearingY": 10,
        "codePoint": 77,
        "data": "pP9nAAAAAAC1/1ik38gAAAAAGvXnWKSP+SgAAAB4q+BYpIGuiAAAANhJ5likhE3lAwA75ALoWKSEBOhIAJ2FAOhYpIQAjagL8SQA6FikhAAs93DBAADoWKSEAADN+F8AAOhYpIQAAGzyCgAA6Fg=",
        "height": 10,
        "width": 11
    },
    "N": {
        "advance": 11,
        "bearingX": 1,
        "bearingY": 10,
        "codePoint": 78,
        "data": "pPgpAAAAAORIpPbEAQAAAORIpIvvawAAAORIpHxk8h0AAORIpIMAvbQAAORIpIQAI/ZZAONIpIQAAHTqE+BIpIQAAAPLothIpIQAAAAu+vZIpIQAAAAAg/9I",
        "height": 10,
        "width": 9
    },
    "O": {
        "advance": 11,
        "bearingX": 0,
        "bearingY": 10,
        "codePoint": 79,
        "data": "AAAgnuT44ZQVAAAAIeunMRUzruATAACoygEAAAAC1pIAA/RjAAAAAABy5QAZ/z4AAAAAAE//CBj/PwAAAAAAUP8HA/RkAAAAAAB15AAAqMsBAAAAA9mQAAAh66YwFDOw3xIAAAAgn+T44ZUVAAA=",
        "height": 10,
        "width": 11
    },
    "P": {
        "advance": 8,
        "bearingX": 1,
        "bearingY": 10,
        "codePoint": 80,
        "data": "pP//+NRuAKSmECFo+lqkoAAAAKWqpKAAAACkraSgAAZU9lSk+vH/4WoApKwfEAAAAKSgAAAAAACkoAAAAAAApKAAAAAAAA==",
        "height": 10,
        "width": 7
    },
    "Q": {
        "advance": 11,
        "bearingX": 0,
        "bearingY": 10,
        "codePoint": 81,
        "data": "AAAgnuT44ZQVAAAAIeunMRUzrt8SAACoygEAAAAC1pAAA/RjAAAAAABy5AAZ/z4AAAAAAE//CBj/PwAAAAAAUP4GA/RkAAAAAAB15QAAqMsBAAAAA9mQAAAh66YwFDOw3xcAAAAgn+T8/6kbAAAAAAAAAAXExQgAAAAAAAAAABrorQIAAAAAAAAAADZ8KwA=",
        "height": 13,
        "width": 11
    },
    "R": {
        "advance": 9,
        "bearingX": 1,
        "bearingY": 10,
        "codePoint": 82,
        "data": "pP//89NrAACkphAcXPdfAKSgAAAAoqsApKAAAACgsACkoAACQfNRAKT68PrxWgAApKwgP/k7AACkoAAAidgHAKSgAAAK3oYApKAAAABI+zE=",
        "height": 10,
        "width": 8
    },
    "S": {
        "advance": 8,
        "bearingX": 0,
        "bearingY": 10,
        "codePoint": 83,
        "data": "ACu59PPSawAF4pwhIlZOAB7/KgAAAAAABOuUAwAAAAAAQunddxMAAAAACmbQ8EcAAAAAAAGV4wAAAAAAAEz2ASpiLBY2x6gAKcHs+d+MDQA=",
        "height": 10,
        "width": 8
    },
    "T": {
        "advance": 8,
        "bearingX": 0,
        "bearingY": 10,
        "codePoint": 84,
        "data": "3P///////6ANEBDAixAQCgAAALyEAAAAAAAAvIQAAAAAAAC8hAAAAAAAALyEAAAAAAAAvIQAAAAAAAC8hAAAAAAAALyEAAAAAAAAvIQAAAA=",
        "height": 10,
        "width": 8
    },
    "U": {
        "advance": 10,
        "bearingX": 1,
        "bearingY": 10,
        "codePoint": 85,
        "data": "vIQAAAAASPS8hAAAAABI9LyEAAAAAEj0vIQAAAAASPS8hAAAAABI9LyEAAAAAEj0s4oAAAAAT+6LvgAAAACExyH2iSceYvRUADG56vXKVQA=",
        "height": 10,
        "width": 8
    },
    "V": {
        "advance": 8,
        "bearingX": 0,
        "bearingY": 10,
        "codePoint": 86,
        "data": "0nwAAAAAHv45d9YAAAAAd90AHf4wAAAA0YIAAMGKAAAp/ycAAGbiAQCEywAAABH5PgDcbwAAAACvljX8FwAAAABU5oa4AAAAAAAI8OldAAAAAAAAnvUMAAAA",
        "height": 10,
        "width": 9
    },
    "W": {
        "advance": 13,
        "bearingX": 0,
        "bearingY": 10,
        "codePoint": 87,
        "data": "s5sAAABW/0IAAACdtW/cAAAAoPOPAAAA3XEr/x0AAemP3QAAHP8sAOZeADb0FfoqAF3nAACknwCAsgC9eACeowAAYeAAy2cAccUA3l8AAB3/Mf0dACT9Lv8bAAAA2aTSAAAA2KTWAAAAAJb0hwAAAIv0kgAAAABS/z0AAAA+/04AAA==",
        "height": 10,
        "width": 13
    },
    "X": {
        "advance": 8,
        "bearingX": 0,
        "bearingY": 10,
        "codePoint": 88,
        "data": "aukRAAAAu5QAAcKZAABd4g0AACf2ORLqSgAAAAB50aGkAAAAAAAE1fITAAAAAAAd7/FFAAAAAACzj2vdCgAAAFjjDQLMiwAAEehRAAA1+TIAnrMAAAAAls4D",
        "height": 10,
        "width": 9
    },
    "Y": {
        "advance": 8,
        "bearingX": 0,
        "bearingY": 10,
        "codePoint": 89,
        "data": "u6IAAAAAtKYz/CwAADr5IgCosAAAwZAAACP6OEjxFAAAAJW/zXsAAAAAF/PmCgAAAAAArpkAAAAAAACsmAAAAAAAAKyYAAAAAAAArJgAAAA=",
        "height": 10,
        "width": 8
    },
    "Z": {
        "advance": 8,
        "bearingX": 0,
        "bearingY": 10,
        "codePoint": 90,
        "data": "TP///////1IEEBAQEIrhDAAAAAAr+EYAAAAAA8meAAAAAAB05hAAAAAAJPZPAAAAAAHBqAAAAAAAa+sVAAAAAB7zaBAQEBAHd////////3g=",
        "height": 10,
        "width": 8
    },
    "[": {
        "advance": 5,
        "bearingX": 1,
        "bearingY": 10,
        "codePoint": 91,
        "data": "4P//QOBeEATgVAAA4FQAAOBUAADgVAAA4FQAAOBUAADgVAAA4FQAAOBUAADgVAAA4PXwPBwgIAg=",
        "height": 14,
        "width": 4
    },
    "\\": {
        "advance": 5,
        "bearingX": 0,
        "bearingY": 10,
        "codePoint": 92,
        "data": "rYcAAAAATeQCAAAABOlGAAAAAI+mAAAAADD2DgAAAADQZQAAAABxxQAAAAAW+iUAAAAAs4QAAAAAVOEC",
        "height": 10,
        "width": 6
    },
    "]": {
        "advance": 5,
        "bearingX": 0,
        "bearingY": 10,
        "codePoint": 93,
        "data": "qP//fAoQvHwAALh8AAC4fAAAuHwAALh8AAC4fAAAuHwAALh8AAC4fAAAuHwAALh8nfD7fBUgIA8=",
        "height": 14,
        "width": 4
    },
    "^": {
        "advance": 8,
        "bearingX": 0,
        "bearingY": 11,
        "codePoint": 94,
        "data": "AAAATioAAAAAAAnqtAAAAAAAapvVNQAAAALbKlm1AAAAVLgAAtc2AADISAAAW7YAPtcBAAAD2Dc=",
        "height": 7,
        "width": 8
    },
    "_": {
        "advance": 6,
        "bearingX": -1,
        "bearingY": -1,
        "codePoint": 95,
        "data": "B/Dw8PDw8DwBICAgICAgCA==",
        "height": 2,
        "width": 8
    },
    "`": {
        "advance": 4,
        "bearingX": 0,
        "bearingY": 12,
        "codePoint": 96,
        "data": "LoATAAjPigAAGtQt",
        "height": 3,
        "width": 4
    },
    "a": {
        "advance": 8,
        "bearingX": 0,
        "bearingY": 8,
        "codePoint": 97,
        "data": "ADS56++rDwApXCIp0oMAAAAAAIOwADiw3O/3uBrzmDUhkLhP9wIAAKK4MP9PGmTsuAB86/OkT7g=",
        "height": 8,
        "width": 7
    },
    "b": {
        "advance": 9,
        "bearingX": 1,
        "bearingY": 11,
        "codePoint": 98,
        "data": "0GwAAAAAANBsAAAAAADQawAAAAAA0HOz9tleANDqVBxf+j3QnAAAAKql0HYAAAB8yNB3AAAAfcfQoQAAAKul0O9YHF76PdBFuffZXgA=",
        "height": 11,
        "width": 7
    },
    "c": {
        "advance": 7,
        "bearingX": 0,
        "bearingY": 8,
        "codePoint": 99,
        "data": "AAeK5fbRGgCa2DseUwAN+UwAAAAAMP8ZAAAAADH/GAAAAAAQ+0oAAAAAAKPWOBpLEAALluv40hQ=",
        "height": 8,
        "width": 7
    },
    "d": {
        "advance": 9,
        "bearingX": 0,
        "bearingY": 11,
        "codePoint": 100,
        "data": "AAAAAAAA0GwAAAAAAADQbAAAAAAAANBsABGp9ehqyWwAotUyJqL2bAz8SwAADfdsLP8ZAAAA2Wwt/xcAAADTbA39RQAAB/JsAKXOLyKW9WwAD6Lt6GumbA==",
        "height": 11,
        "width": 8
    },
    "e": {
        "advance": 8,
        "bearingX": 0,
        "bearingY": 8,
        "codePoint": 101,
        "data": "AAWL6vOpEwAAlMctJLq2AAv4NwAANf4UMP/x8PDx/y4x/zggICAgBg75VAAAAAAAAJTiSBgwZQAABYXj+uWNAA==",
        "height": 8,
        "width": 8
    },
    "f": {
        "advance": 5,
        "bearingX": 0,
        "bearingY": 11,
        "codePoint": 102,
        "data": "AAGU7u4+AEr0MyUJAHPIAAAAkff//6QADIDHEAoAAHjEAAAAAHjEAAAAAHjEAAAAAHjEAAAAAHjEAAAAAHjEAAAA",
        "height": 11,
        "width": 6
    },
    "g": {
        "advance": 9,
        "bearingX": 0,
        "bearingY": 8,
        "codePoint": 103,
        "data": "AA+o9eZzo2wAndQxJaL2bAz6SgAAC/RsLP8ZAAAA1Wwt/xgAAADPbA38RgAABu9sAKTQMCKV+GwAEqz26nvIbAAAAAAAANNmAAAAAAAO9UcAbVIjJKvkCQBk1/XvvC4A",
        "height": 12,
        "width": 8
    },
    "h": {
        "advance": 9,
        "bearingX": 1,
        "bearingY": 11,
        "codePoint": 104,
        "data": "0GwAAAAAANBsAAAAAADQbAAAAAAA0Hyv9uR7ANDtXRxS/EHQoQAAAMN20HYAAAC0hNBsAAAAtITQbAAAALSE0GwAAAC0hNBsAAAAtIQ=",
        "height": 11,
        "width": 7
    },
    "i": {
        "advance": 4,
        "bearingX": 1,
        "bearingY": 11,
        "codePoint": 105,
        "data": "vV0EAAAA0GzQbNBs0GzQbNBs0GzQbA==",
        "height": 11,
        "width": 2
    },
    "j": {
        "advance": 4,
        "bearingX": -1,
        "bearingY": 11,
        "codePoint": 106,
        "data": "AAC9XQAABAAAAAAAAADQbAAA0GwAANBsAADQbAAA0GwAANBsAADQbAAA0GwAANBsAADSaBcr9EO09KAB",
        "height": 15,
        "width": 4
    },
    "k": {
        "advance": 7,
        "bearingX": 1,
        "bearingY": 11,
        "codePoint": 107,
        "data": "0GgAAAAAANBoAAAAAADQaAAAAAAA0GgABLixAtBoAJ/ICgDQZ4HcFQAA0Kv+TQAAANDfqdIHAADQaArYkAAA0GgANfpHANBoAAB95xU=",
        "height": 11,
        "width": 7
    },
    "l": {
        "advance": 4,
        "bearingX": 1,
        "bearingY": 11,
        "codePoint": 108,
        "data": "0GzQbNBs0GzQbNBs0GzQbNBs0GzQbA==",
        "height": 11,
        "width": 2
    },
    "m": {
        "advance": 13,
        "bearingX": 1,
        "bearingY": 8,
        "codePoint": 109,
        "data": "0Fm2995RRtT2xynQ6lEbjPPNNyC7t9CcAAAV/1sAAFHn0HUAAAj/NQAARPTQbAAACP8wAABE9NBsAAAI/zAAAET00GwAAAj/MAAARPTQbAAACP8wAABE9A==",
        "height": 8,
        "width": 11
    },
    "n": {
        "advance": 9,
        "bearingX": 1,
        "bearingY": 8,
        "codePoint": 110,
        "data": "0Fet9eV+ANDsXBtS/EHQoAAAAMN20HUAAAC0hNBsAAAAtITQbAAAALSE0GwAAAC0hNBsAAAAtIQ=",
        "height": 8,
        "width": 7
    },
    "o": {
        "advance": 8,
        "bearingX": 0,
        "bearingY": 8,
        "codePoint": 111,
        "data": "AAeQ6fbAMgAAkNc5IITvGgn5SwAAANF+K/8YAAAAnasw/xkAAACfpQv2TQAAANN8AI3ZOyCG8BQABITm+MU3AA==",
        "height": 8,
        "width": 8
    },
    "p": {
        "advance": 9,
        "bearingX": 1,
        "bearingY": 8,
        "codePoint": 112,
        "data": "0FGy9tlfANDnVRxk/ErQmwAAAK+s0HMAAAB90NB3AAAAhMfQogAAALKj0PFaG2D8O9B3t/jjZwDQawAAAAAA0GwAAAAAANBsAAAAAADQbAAAAAAA",
        "height": 12,
        "width": 7
    },
    "q": {
        "advance": 9,
        "bearingX": 0,
        "bearingY": 8,
        "codePoint": 113,
        "data": "AA+n9OhqomwAn9UyJqPzbAz8SwAADvdsLP8ZAAAA2Wwt/xcAAADTbA39RQAACPNsAKXQMCKZ9mwAD6Lu6HLKbAAAAAAAANBsAAAAAAAA0GwAAAAAAADQbAAAAAAAANBs",
        "height": 12,
        "width": 8
    },
    "r": {
        "advance": 6,
        "bearingX": 1,
        "bearingY": 8,
        "codePoint": 114,
        "data": "0EKb9X3Q2XoZDtCvAAAA0HIAAADQbAAAANBsAAAA0GwAAADQbAAAAA==",
        "height": 8,
        "width": 5
    },
    "s": {
        "advance": 7,
        "bearingX": 0,
        "bearingY": 8,
        "codePoint": 115,
        "data": "AGbb+OCHACj5Qxg+TQAy+i4AAAAAAHz1rDsAAAAAGYTzigAAAAAAQf4JKmAmGYDkACXH8/PDNgA=",
        "height": 8,
        "width": 7
    },
    "t": {
        "advance": 5,
        "bearingX": 0,
        "bearingY": 10,
        "codePoint": 116,
        "data": "AFiEAAAAo4QAAKL///+wDLyLEAsAuIQAAAC4hAAAALiEAAAAtocAAACWzR8ZACDH+Kw=",
        "height": 10,
        "width": 5
    },
    "u": {
        "advance": 9,
        "bearingX": 1,
        "bearingY": 8,
        "codePoint": 117,
        "data": "5FwAAADEeORcAAAAxHjkXAAAAMR45FwAAADEeORcAAAAznjXagAACPF4o9EqJZz4eBy38+mBoHg=",
        "height": 8,
        "width": 7
    },
    "v": {
        "advance": 7,
        "bearingX": 0,
        "bearingY": 8,
        "codePoint": 118,
        "data": "03oAAABg6QR40QAAALaSAB7+JwAR+jYAAMJ+AGPaAAAAZ9QAuH8AAAAS+Tr6JAAAAACxyMgAAAAAAFb/bQAAAA==",
        "height": 8,
        "width": 8
    },
    "w": {
        "advance": 11,
        "bearingX": 0,
        "bearingY": 8,
        "codePoint": 119,
        "data": "uIoAAE7/UwAAiLZ2yQAAmeKcAADGczT7DADjdOQACvoxAu5GMO8I8i1D7AIAsIN6qACvdIGsAABuur5bAGW4vmkAACzt7xIAG+/xJwAAAOjCAAAA0eUAAA==",
        "height": 8,
        "width": 11
    },
    "x": {
        "advance": 7,
        "bearingX": 0,
        "bearingY": 8,
        "codePoint": 120,
        "data": "S/UiAACxrwAAoroAVO0YAAAR5mzmXAAAAABO/7QAAAAAAG36ywMAAAAi80nVegAAAb+cADn3LABr5hAAAJLNBA==",
        "height": 8,
        "width": 8
    },
    "y": {
        "advance": 7,
        "bearingX": 0,
        "bearingY": 8,
        "codePoint": 121,
        "data": "z38AAABa8Adz1gAAAKygABn9LQAJ9EgAALuEAFDsBAAAX9sAopkAAAAN9i/rQQAAAACnpuYCAAAAAEz+kQAAAAAAEP86AAAAAABl3QEAAAAVMedoAAAAAM7wkAEAAAAA",
        "height": 12,
        "width": 8
    },
    "z": {
        "advance": 7,
        "bearingX": 0,
        "bearingY": 8,
        "codePoint": 122,
        "data": "OP/////wAAMQEBC/ngAAAABi4g8AAAAc70YAAAAAt5gAAAAAY98MAAAAHfBQEBAQAHP//////wg=",
        "height": 8,
        "width": 7
    },
    "{": {
        "advance": 5,
        "bearingX": 0,
        "bearingY": 10,
        "codePoint": 123,
        "data": "AAAgttIAALWvHAAA5FQAAADoUAAAAOpOAAA8+yMAl/daAAAYb/EYAAAA7kwAAADoUAAAAOZRAAAAw5kDAAA23NsAAAAAEA==",
        "height": 14,
        "width": 5
    },
    "|": {
        "advance": 8,
        "bearingX": 3,
        "bearingY": 11,
        "codePoint": 124,
        "data": "qGCoYKhgqGCoYKhgqGCoYKhgqGCoYKhgqGCoYKhg",
        "height": 15,
        "width": 2
    },
    "}": {
        "advance": 5,
        "bearingX": 0,
        "bearingY": 10,
        "codePoint": 125,
        "data": "htVOAAANbfcOAAAE/zQAAAD/OAAAAP46AAAA0YsDAAAm2+cAALmqKwAA/D0AAAD/OAAAAv82AABS/RQAiPFpAAAMAgAAAA==",
        "height": 14,
        "width": 5
    },
    "~": {
        "advance": 8,
        "bearingX": 0,
        "bearingY": 6,
        "codePoint": 126,
        "data": "DKfksEUBQjxIcyt24PnUGQIAAAABFQAA",
        "height": 3,
        "width": 8
    }
}
